Champion,Rune,Allies,Enemies
Kayn,Conqueror,"['Yorick', 'Kayn', 'Fizz', 'Jinx', 'Soraka']","['Irelia', 'Lee Sin', 'Syndra', ""Kai'Sa"", 'Braum']"
Kayn,Conqueror,"['Fiora', 'Kayn', 'Qiyana', 'Caitlyn', 'LeBlanc']","['Singed', ""Bel'Veth"", 'Tristana', ""Kai'Sa"", 'Nautilus']"
Kayn,First_Strike,"['Nasus', 'Kayn', 'Zed', 'Karthus', 'Amumu']","['Gangplank', 'Rumble', 'Viktor', ""Kai'Sa"", 'Thresh']"
Kayn,Conqueror,"['Garen', 'Kayn', 'LeBlanc', 'Aphelios', 'Thresh']","['Gnar', 'Zac', 'Pantheon', 'Ezreal', 'Twitch']"
Kayn,First_Strike,"['Gnar', 'Kayn', 'Viktor', 'Ezreal', 'Senna']","['Aatrox', 'Elise', 'Qiyana', 'Draven', 'Janna']"
Kayn,Conqueror,"['Kled', 'Kayn', 'Zoe', ""Kai'Sa"", 'Nautilus']","['Kayle', 'Zac', 'Qiyana', 'Twitch', 'Thresh']"
Kayn,First_Strike,"['Sion', 'Kayn', 'Aurelion Sol', 'Ezreal', 'Janna']","['Anivia', 'Lee Sin', 'Ekko', 'Draven', 'Pyke']"
Kayn,First_Strike,"['Camille', 'Kayn', 'Fizz', 'Ezreal', 'Lux']","['Akali', 'Ekko', 'Qiyana', 'Tristana', 'Renata Glasc']"
Kayn,Conqueror,"['Renekton', 'Kayn', 'Viktor', 'Draven', 'Morgana']","['Tahm Kench', ""Bel'Veth"", 'Azir', 'Miss Fortune', 'Nautilus']"
Kayn,First_Strike,"['Rengar', 'Kayn', 'Zilean', 'Aphelios', 'Tahm Kench']","['Kled', 'Jarvan IV', 'Aurelion Sol', ""Kai'Sa"", 'Thresh']"
Kayn,Conqueror,"['Rengar', 'Kayn', 'Syndra', 'Ezreal', 'Thresh']","['Olaf', 'Jarvan IV', 'Swain', 'Zeri', 'Senna']"
Lee Sin,Conqueror,"['Gangplank', 'Lee Sin', 'Jayce', 'Sivir', 'Zilean']","['Gwen', 'Skarner', 'Yasuo', ""Kai'Sa"", 'Alistar']"
Kayn,Conqueror,"['Gragas', 'Kayn', 'Taliyah', 'Jhin', 'Ashe']","['Jax', 'Jarvan IV', 'Jayce', 'Seraphine', 'Senna']"
Ashe,Unknown_rune,"['Olaf', 'Graves', 'Syndra', 'Ashe', 'Zilean']","['Riven', 'Wukong', 'Qiyana', 'Veigar', 'Annie']"
Kayn,First_Strike,"['Riven', 'Kayn', 'Sylas', 'Ezreal', 'Rakan']","['Ornn', 'Kindred', 'Akali', 'Twitch', 'Karma']"
Kayn,First_Strike,"['Mordekaiser', 'Kayn', 'Qiyana', 'Tristana', 'Nautilus']","['Yone', 'Ekko', 'Jayce', 'Samira', 'Rakan']"
Kayn,First_Strike,"['Yone', 'Kayn', 'Twitch', 'Varus', 'Karma']","['Camille', 'Nunu & Willump', 'Tristana', ""Kai'Sa"", 'Janna']"
Kayn,First_Strike,"['Gnar', 'Kayn', 'Akali', 'Twitch', 'Lulu']","['Camille', 'Jarvan IV', 'Syndra', 'Jhin', 'Lux']"
Kayn,Conqueror,"['Garen', 'Kayn', 'Viego', 'Xayah', 'Nautilus']","['Shen', 'Amumu', 'Katarina', 'Caitlyn', 'Thresh']"
Kayn,First_Strike,"[""Cho'Gath"", 'Kayn', 'Yone', 'Varus', 'Senna']","['Jax', ""Rek'Sai"", 'Singed', 'Karthus', 'Pyke']"
Kayn,First_Strike,"['Gnar', 'Kayn', 'LeBlanc', 'Ezreal', 'Rakan']","['Ornn', 'Gragas', 'Cassiopeia', 'Caitlyn', 'Karma']"
Kayn,Conqueror,"['Jax', 'Kayn', 'Rumble', 'Twitch', 'Lulu']","['Bard', ""Bel'Veth"", 'Gragas', ""Kai'Sa"", 'Blitzcrank']"
Kayn,First_Strike,"['Yone', 'Kayn', 'Fizz', ""Kai'Sa"", 'Zilean']","['Heimerdinger', 'Fiddlesticks', 'Pantheon', 'Zeri', 'Taric']"
Lee Sin,Conqueror,"['Renekton', 'Lee Sin', 'Ryze', 'Xayah', 'Rakan']","['Kled', 'Rengar', 'Veigar', ""Kai'Sa"", 'Nautilus']"
Kayn,First_Strike,"['Jax', 'Kayn', 'Syndra', 'Xayah', 'Rakan']","['Fiora', 'Evelynn', 'Galio', 'Varus', 'Karma']"
Kayn,First_Strike,"['Qiyana', 'Kayn', 'Aurelion Sol', 'Samira', 'Miss Fortune']","['Kled', 'Lee Sin', 'Orianna', 'Varus', 'Pyke']"
Kayn,Conqueror,"['Kayn', 'Hecarim', 'Cassiopeia', 'Samira', 'Nautilus']","['Darius', 'Xin Zhao', 'Sylas', 'Ezreal', 'Senna']"
Kayn,Conqueror,"['Illaoi', 'Kayn', 'Fizz', 'Tristana', 'Thresh']","['Viego', 'Vi', 'Aurelion Sol', 'Ashe', 'Soraka']"
Kayn,Conqueror,"['Yone', 'Kayn', 'Anivia', 'Jhin', 'Zilean']","['Camille', 'Wukong', 'Fizz', 'Zeri', 'Nami']"
Kayn,Conqueror,"['Fiora', 'Kayn', 'Cassiopeia', 'Xayah', 'Thresh']","['Sion', 'Hecarim', 'Irelia', ""Kai'Sa"", 'Rakan']"
Kayn,Conqueror,"['Aatrox', 'Kayn', 'Irelia', ""Kai'Sa"", 'Nautilus']","['Ornn', 'Sylas', 'Sett', 'Varus', 'Lulu']"
Kayn,First_Strike,"['Ornn', 'Kayn', 'Akali', 'Xayah', 'Xerath']","['Sion', 'Master Yi', 'Sylas', 'Zeri', 'Seraphine']"
Kayn,First_Strike,"['Riven', 'Kayn', 'Yasuo', 'Ziggs', 'Leona']","['Fiora', 'Graves', 'Ahri', 'Jhin', 'Amumu']"
Pantheon,Unknown_rune,"['Olaf', 'Pantheon', 'Tristana', 'Ezreal', 'Nami']","['Gangplank', 'Rengar', 'Twitch', 'Xayah', 'Braum']"
Kayn,First_Strike,"['Akshan', 'Kayn', 'Cassiopeia', ""Kai'Sa"", 'Twitch']","['Yone', 'Jarvan IV', 'Katarina', 'Ezreal', 'Ashe']"
Kayn,Conqueror,"['Jayce', 'Kayn', 'Katarina', 'Draven', ""Vel'Koz""]","['Gangplank', 'Nidalee', 'Ekko', ""Kai'Sa"", 'Nautilus']"
Kayn,First_Strike,"['Warwick', 'Kayn', 'Neeko', 'Caitlyn', 'Rakan']","['Jayce', 'Teemo', 'Tristana', 'Miss Fortune', 'Amumu']"
Kayn,First_Strike,"['Kled', 'Kayn', 'Syndra', ""Kai'Sa"", 'Nautilus']","['Cassiopeia', 'Amumu', 'Zed', 'Xayah', 'Rakan']"
Kayn,First_Strike,"['Fiora', 'Kayn', 'Sylas', 'Miss Fortune', 'Rell']","['Akshan', 'Fiddlesticks', 'Kassadin', 'Sivir', 'Zilean']"
Kayn,Conqueror,"['Illaoi', 'Kayn', 'Viktor', 'Lucian', 'Nami']","['Riven', 'Diana', 'Kassadin', 'Ezreal', 'Senna']"
Kayn,First_Strike,"['Sett', 'Kayn', 'Aurelion Sol', ""Kai'Sa"", 'Blitzcrank']","['Camille', ""Kha'Zix"", 'Lissandra', 'Ezreal', 'Heimerdinger']"
Lee Sin,Conqueror,"['Illaoi', 'Lee Sin', ""Cho'Gath"", 'Ezreal', 'Twitch']","['Nasus', 'Sylas', 'Aurelion Sol', 'Caitlyn', 'Lux']"
Poppy,Unknown_rune,"['Malphite', 'Poppy', 'Syndra', 'Ezreal', 'Xerath']","['Riven', 'Shaco', 'Sylas', 'Miss Fortune', 'Amumu']"
Kayn,Conqueror,"['Malphite', 'Kayn', 'Ryze', 'Twitch', 'Thresh']","['Dr. Mundo', 'Maokai', 'Sylas', 'Tristana', 'Poppy']"
Kayn,First_Strike,"['Aatrox', 'Kayn', 'Sylas', 'Jinx', 'Malphite']","['Olaf', 'Amumu', 'Annie', ""Kai'Sa"", 'Alistar']"
Kayn,Conqueror,"['Gwen', 'Kayn', 'Gragas', ""Kai'Sa"", 'Renata Glasc']","['Shen', ""Bel'Veth"", 'Ahri', 'Xayah', 'Nautilus']"
Kayn,Conqueror,"['Malphite', 'Kayn', 'Lux', 'Jhin', 'Soraka']","['Sejuani', 'Poppy', 'Gragas', 'Caitlyn', 'Karma']"
Kayn,Conqueror,"['Olaf', 'Kayn', 'Azir', 'Twitch', 'Pyke']","['Dr. Mundo', 'Xin Zhao', 'Vex', 'Miss Fortune', 'Thresh']"
Kayn,First_Strike,"['Kayle', 'Kayn', 'Seraphine', 'Jhin', 'Janna']","['Irelia', 'Wukong', 'Vladimir', 'Nilah', 'Xerath']"
Kayn,First_Strike,"['Shen', 'Kayn', 'Veigar', ""Kai'Sa"", 'Nautilus']","['Sett', 'Sejuani', 'Lux', 'Xayah', 'Rakan']"
Kayn,Conqueror,"['Malphite', 'Kayn', 'Ziggs', 'Miss Fortune', 'Thresh']","['Urgot', 'Gragas', 'Vex', 'Senna', 'Lulu']"
Kayn,First_Strike,"['Sett', 'Kayn', 'Talon', 'Miss Fortune', 'Aurelion Sol']","['Camille', 'Nunu & Willump', 'Tristana', 'Zeri', 'Sona']"
Kayn,First_Strike,"['Yone', 'Kayn', 'Cassiopeia', 'Aphelios', 'Lux']","[""Kai'Sa"", 'Vi', 'Fizz', 'Vayne', 'Senna']"
Kayn,First_Strike,"['Malzahar', 'Kayn', 'Vladimir', ""Kai'Sa"", 'Karma']","['Tryndamere', 'Vi', 'Aurelion Sol', 'Caitlyn', 'Brand']"
Kayn,First_Strike,"['Malphite', 'Kayn', 'Diana', 'Ashe', 'Yuumi']","['Cassiopeia', ""Kha'Zix"", 'Akshan', ""Kai'Sa"", 'Senna']"
Kayn,First_Strike,"[""Cho'Gath"", 'Kayn', 'Irelia', ""Kai'Sa"", 'Taric']","['Vi', 'Lee Sin', 'Neeko', 'Xayah', 'Rakan']"
Kayn,First_Strike,"['Gangplank', 'Kayn', 'LeBlanc', 'Cassiopeia', 'Twitch']","['Mordekaiser', 'Viego', 'Lux', 'Jhin', 'Bard']"
Kayn,First_Strike,"['Darius', 'Kayn', 'Syndra', 'Samira', 'Akshan']","['Tryndamere', 'Wukong', 'Cassiopeia', 'Xayah', 'Karma']"
Kayn,First_Strike,"['Aatrox', 'Kayn', 'Malzahar', 'Jinx', 'Karma']","['Dr. Mundo', ""Bel'Veth"", 'Ryze', ""Kog'Maw"", 'Blitzcrank']"
Kayn,First_Strike,"['Darius', 'Kayn', 'Vladimir', 'Jhin', 'Morgana']","['Renekton', 'Diana', 'Malphite', 'Samira', 'Pyke']"
Hecarim,Unknown_rune,"['Olaf', 'Hecarim', 'Lissandra', 'Aphelios', 'Thresh']","['Singed', 'Master Yi', 'Sylas', 'Varus', 'Blitzcrank']"
Kayn,First_Strike,"['Olaf', 'Kayn', 'Aurelion Sol', 'Sivir', 'Ashe']","['Malphite', 'Master Yi', ""Cho'Gath"", 'Xayah', 'Sona']"
Jinx,Unknown_rune,"['Quinn', 'Sylas', 'Heimerdinger', 'Jinx', 'Leona']","['Sett', 'Fiddlesticks', 'Talon', 'Jhin', 'Kalista']"
Kayn,Conqueror,"['Yorick', 'Kayn', 'Gragas', 'Jhin', 'Anivia']","['Olaf', 'Wukong', 'Azir', 'Xayah', 'Shen']"
Blitzcrank,Unknown_rune,"['Jayce', 'Lee Sin', 'Veigar', 'Zeri', 'Blitzcrank']","['Kled', 'Wukong', 'Orianna', 'Xayah', 'Ezreal']"
Thresh,Unknown_rune,"['Rumble', ""Kha'Zix"", 'Zed', 'Karthus', 'Thresh']","['Sion', 'Kindred', 'Zoe', 'Jhin', 'Ashe']"
Kayn,Conqueror,"['Jayce', 'Kayn', 'Aurelion Sol', 'Xayah', 'Sett']","['Olaf', 'Nidalee', 'Renekton', ""Kai'Sa"", 'Nautilus']"
Kayn,First_Strike,"['Jax', 'Kayn', 'Cassiopeia', 'Varus', 'Janna']","['Olaf', 'Viego', 'Seraphine', 'Caitlyn', 'Bard']"
Blitzcrank,Unknown_rune,"['Singed', 'Lee Sin', 'Gragas', ""Kai'Sa"", 'Blitzcrank']","['Kled', 'Graves', 'Cassiopeia', 'Heimerdinger', 'Thresh']"
Blitzcrank,Unknown_rune,"['Jax', 'Zed', ""Bel'Veth"", 'Xayah', 'Blitzcrank']","['Renekton', 'Sylas', 'Irelia', 'Zeri', 'Alistar']"
Blitzcrank,Unknown_rune,"['Jayce', 'Vi', 'Vladimir', 'Varus', 'Blitzcrank']","['Gnar', 'Nidalee', 'Irelia', ""Kai'Sa"", 'Morgana']"
Blitzcrank,Unknown_rune,"['Renekton', 'Lee Sin', 'Viktor', 'Tristana', 'Blitzcrank']","['Fiora', 'Jarvan IV', 'Galio', 'Caitlyn', 'Ashe']"
Blitzcrank,Unknown_rune,"['Gangplank', 'Elise', 'Anivia', 'Twitch', 'Blitzcrank']","['Master Yi', 'Hecarim', 'Viktor', 'Veigar', 'Renata Glasc']"
Irelia,Conqueror,"['Irelia', 'Vi', 'Ahri', 'Xayah', 'Nautilus']","['Singed', 'Wukong', 'Viktor', 'Ashe', 'Thresh']"
Wukong,Conqueror,"['Yorick', 'Wukong', 'Akali', 'Yasuo', 'Pantheon']","['Gangplank', 'Fiddlesticks', 'Kassadin', 'Caitlyn', 'Rell']"
Hecarim,Conqueror,"['Garen', 'Hecarim', 'Ryze', ""Kai'Sa"", 'Leona']","['Renekton', 'Zac', 'Aurelion Sol', 'Ezreal', 'Braum']"
Kayn,First_Strike,"['Darius', 'Kayn', 'Ahri', 'Varus', 'Lulu']","[""K'Sante"", 'Sylas', 'Qiyana', ""Kai'Sa"", 'Leona']"
Renekton,Conqueror,"['Renekton', 'Nidalee', 'Qiyana', 'Jhin', 'Rakan']","['Akali', 'Viego', 'Ahri', 'Xayah', 'Annie']"
Kayn,First_Strike,"['Gragas', 'Kayn', 'Jayce', 'Ezreal', 'Blitzcrank']","['Camille', 'Graves', 'Aurelion Sol', ""Kai'Sa"", 'Nautilus']"
Renekton,Conqueror,"['Renekton', 'Nidalee', 'Talon', 'Xayah', ""Vel'Koz""]","['Lee Sin', 'Diana', 'Jhin', 'Varus', 'Karma']"
Kayn,First_Strike,"['Rumble', 'Kayn', 'Annie', 'Ezreal', 'Pyke']","['Renekton', 'Graves', 'Veigar', ""Kai'Sa"", 'Nautilus']"
Kayn,First_Strike,"['Aatrox', 'Kayn', 'Aurelion Sol', 'Jhin', 'Ashe']","['Olaf', 'Nidalee', 'Talon', 'Sivir', 'Annie']"
Kayn,First_Strike,"['Mordekaiser', 'Kayn', 'Pantheon', 'Varus', 'Maokai']","['Gnar', 'Sylas', 'Irelia', 'Jhin', 'Twitch']"
Kayn,First_Strike,"['Aatrox', 'Kayn', 'Katarina', 'Varus', 'Rakan']","['Irelia', 'Gragas', 'Yasuo', 'Xayah', 'Pyke']"
Renekton,Conqueror,"['Renekton', 'Kindred', 'Sylas', 'Ezreal', 'Leona']","['Gnar', 'Aurelion Sol', 'Fizz', 'Sivir', 'Ashe']"
Kayn,First_Strike,"['Darius', 'Kayn', 'Ahri', 'Kalista', 'Pyke']","['Shen', ""Kha'Zix"", 'Cassiopeia', 'Ezreal', 'Shaco']"
Kayn,First_Strike,"['Yorick', 'Kayn', 'Taliyah', 'Caitlyn', 'Qiyana']","['Vladimir', 'Kindred', 'Gragas', 'Jhin', 'Karma']"
Kayn,First_Strike,"['Tryndamere', 'Kayn', 'Veigar', 'Xayah', 'Rakan']","['Camille', 'Nidalee', 'Jarvan IV', 'Ezreal', 'Morgana']"
Kayn,First_Strike,"['Gwen', 'Kayn', 'Viktor', 'Aphelios', 'Thresh']","['Heimerdinger', 'Kindred', 'Ahri', 'Tristana', 'Blitzcrank']"
Kayn,First_Strike,"['Poppy', 'Kayn', 'Fizz', 'Ezreal', 'Soraka']","[""K'Sante"", 'Viego', 'Akali', 'Caitlyn', 'Lux']"
Kayn,First_Strike,"['Nasus', 'Kayn', 'Vex', 'Jhin', 'Nautilus']","['Irelia', 'Elise', 'Akshan', 'Miss Fortune', 'Rell']"
Kayn,First_Strike,"['Gnar', 'Kayn', 'Akshan', 'Varus', 'Rell']","['Garen', 'Maokai', 'Zed', 'Aphelios', 'Thresh']"
Kayn,First_Strike,"['Fiora', 'Kayn', 'Twisted Fate', 'Jhin', 'Heimerdinger']","['Ryze', 'Kindred', 'LeBlanc', ""Kai'Sa"", 'Pyke']"
Kayn,First_Strike,"['Pantheon', 'Kayn', 'Akali', 'Ezreal', 'Pyke']","['Rumble', 'Jarvan IV', 'Irelia', 'Kalista', 'Sylas']"
Kayn,First_Strike,"[""Cho'Gath"", 'Kayn', 'Ryze', 'Ezreal', 'Rakan']","['Fiora', 'Sejuani', 'Vex', 'Zeri', 'Renata Glasc']"
Kayn,First_Strike,"['Rumble', 'Kayn', 'Talon', 'Xayah', 'Xerath']","['Rengar', 'Viego', 'Ahri', 'Ezreal', 'Fiddlesticks']"
Kayn,First_Strike,"['Gragas', 'Kayn', 'Aurelion Sol', 'Varus', 'Lux']","['Jax', 'Nidalee', 'Vex', ""Kog'Maw"", 'Nautilus']"
Kayn,First_Strike,"['Gangplank', 'Kayn', 'Talon', ""Kog'Maw"", 'Blitzcrank']","['Fiora', 'Graves', 'Vex', ""Kai'Sa"", 'Nautilus']"
Kayn,First_Strike,"['Rumble', 'Kayn', 'LeBlanc', 'Lucian', 'Thresh']","['Jayce', 'Nidalee', 'Zed', 'Jhin', 'Karma']"
Kayn,First_Strike,"[""Bel'Veth"", 'Kayn', 'Heimerdinger', 'Aphelios', 'Thresh']","['Jax', 'Master Yi', 'Syndra', 'Varus', 'Ashe']"
Kayn,First_Strike,"['Sion', 'Kayn', 'Heimerdinger', 'Ezreal', 'Soraka']","['Teemo', ""Bel'Veth"", 'Gangplank', 'Zeri', 'Annie']"
Renekton,Conqueror,"['Renekton', 'Wukong', 'Katarina', 'Draven', 'Pyke']","['Lee Sin', 'Gragas', 'Zed', 'Jayce', 'Senna']"
Kayn,First_Strike,"['Jax', 'Kayn', 'Twisted Fate', 'Twitch', 'Singed']","['Irelia', 'Sylas', 'Zed', 'Xayah', 'Ashe']"
Kayn,First_Strike,"['Rengar', 'Kayn', 'Zac', 'Caitlyn', 'Renata Glasc']","['Alistar', 'Wukong', 'Vladimir', 'Sivir', 'Fiddlesticks']"
Kayn,First_Strike,"[""K'Sante"", 'Kayn', 'Ahri', ""Vel'Koz"", 'Rakan']","['Riven', ""Kha'Zix"", 'Sylas', 'Zeri', 'Lulu']"
Akali,Conqueror,"['Annie', 'Lee Sin', 'Akali', 'Caitlyn', 'Karma']","['Kennen', ""Kha'Zix"", 'Ezreal', 'Zeri', 'Blitzcrank']"
Hecarim,Unknown_rune,"['Yorick', 'Hecarim', 'Vex', 'Xayah', 'Rakan']","['Gwen', ""Rek'Sai"", 'Gragas', 'Zeri', 'Bard']"
Kayn,First_Strike,"['Warwick', 'Kayn', 'Wukong', 'Varus', 'Veigar']","['Fiora', 'Nidalee', 'Yone', 'Ezreal', 'Ashe']"
Kayn,First_Strike,"['Yorick', 'Kayn', 'Nocturne', 'Sivir', 'Pyke']","['Gangplank', 'Ekko', 'LeBlanc', 'Zeri', 'Heimerdinger']"
Kayn,First_Strike,"['Cassiopeia', 'Kayn', 'Yasuo', 'Varus', 'Annie']","['Irelia', 'Karthus', 'Katarina', 'Jhin', 'Karma']"
Kayn,First_Strike,"['Riven', 'Kayn', 'Twisted Fate', 'Caitlyn', 'Nautilus']","['Fiora', 'Kindred', 'Irelia', 'Varus', 'Karma']"
Ezreal,First_Strike,"['Mordekaiser', 'Sylas', 'Yone', 'Ezreal', 'Thresh']","['Garen', 'Vi', 'Singed', ""Kai'Sa"", 'Nautilus']"
Kayn,First_Strike,"['Jayce', 'Kayn', 'Fizz', 'Nilah', 'Soraka']","['Rumble', 'Nunu & Willump', 'Yone', 'Samira', 'Taric']"
Kayn,First_Strike,"['Jayce', 'Kayn', 'Twisted Fate', 'Xayah', 'Alistar']","['Amumu', 'Nidalee', 'Zed', ""Kai'Sa"", 'Rakan']"
Kayn,First_Strike,"['Jayce', 'Kayn', 'Heimerdinger', 'Tristana', 'Blitzcrank']","['Shen', 'Sylas', 'Zoe', 'Xayah', 'Rakan']"
Hecarim,Unknown_rune,"['Jayce', 'Hecarim', 'LeBlanc', 'Samira', 'Senna']","['Neeko', 'Viego', 'Veigar', 'Varus', 'Thresh']"
Kayn,First_Strike,"['Renekton', 'Kayn', 'Singed', 'Miss Fortune', 'Shaco']","['Ornn', 'Master Yi', 'Twisted Fate', 'Varus', 'Karma']"
Kayn,First_Strike,"['Maokai', 'Kayn', 'Galio', 'Xayah', 'Fiddlesticks']","['Aatrox', 'Nidalee', 'Ekko', 'Ezreal', 'Karma']"
Hecarim,Unknown_rune,"['Malphite', 'Hecarim', 'Kassadin', 'Jhin', 'Shaco']","['Jayce', 'Elise', 'Irelia', ""Kai'Sa"", 'Anivia']"
Kayn,First_Strike,"['Fiora', 'Kayn', 'Annie', 'Senna', 'Nautilus']","['Malphite', 'Nidalee', 'Aatrox', 'Caitlyn', 'Morgana']"
Kayn,First_Strike,"['Fiora', 'Kayn', 'Galio', 'Jhin', 'Senna']","['Jayce', 'Sylas', 'Syndra', 'Ezreal', 'Thresh']"
Hecarim,Unknown_rune,"['Jayce', 'Hecarim', 'Pantheon', 'Ezreal', 'Ashe']","['Jax', 'Elise', 'Kassadin', 'Samira', 'Rakan']"
Hecarim,Unknown_rune,"['Gangplank', 'Hecarim', 'Galio', 'Caitlyn', 'Lux']","['Olaf', 'Kindred', 'Irelia', 'Xayah', 'Rakan']"
Hecarim,Unknown_rune,"['Renekton', 'Hecarim', 'Galio', 'Xayah', 'Lulu']","['Olaf', 'Maokai', 'Yone', ""Kai'Sa"", 'Neeko']"
Hecarim,Unknown_rune,"['Kennen', 'Hecarim', 'Jayce', 'Jhin', 'Annie']","['Rumble', 'Fiddlesticks', 'Garen', 'Varus', 'Heimerdinger']"
Hecarim,Unknown_rune,"['Rumble', 'Hecarim', 'Orianna', 'Ezreal', 'Morgana']","['Jayce', 'Nidalee', 'Yasuo', ""Kai'Sa"", 'Blitzcrank']"
Hecarim,Unknown_rune,"['Rumble', 'Hecarim', 'Ahri', 'Varus', 'Thresh']","['Olaf', 'Nunu & Willump', 'Anivia', 'Xayah', 'Swain']"
Hecarim,Unknown_rune,"['Rumble', 'Hecarim', 'Irelia', ""Kai'Sa"", 'Rakan']","['Sion', 'Jarvan IV', 'Aurelion Sol', 'Tristana', 'Annie']"
Hecarim,Unknown_rune,"['Irelia', 'Hecarim', 'Lissandra', 'Lucian', 'Maokai']","['Renekton', 'Rumble', 'Qiyana', ""Kai'Sa"", 'Pyke']"
Hecarim,Unknown_rune,"['Olaf', 'Hecarim', 'Talon', 'Varus', 'Thresh']","['Akali', 'Wukong', 'Ryze', 'Xayah', 'Annie']"
Pyke,Unknown_rune,"['Kayle', 'Jarvan IV', 'Annie', 'Samira', 'Pyke']","['Sylas', 'Lee Sin', 'Irelia', 'Varus', 'Ashe']"
Kayn,First_Strike,"['Rumble', 'Kayn', 'Yasuo', 'Sivir', 'Blitzcrank']","['Riven', 'Taliyah', 'Gragas', 'Ezreal', 'Varus']"
Kayn,First_Strike,"['Yone', 'Kayn', 'Akali', 'Xayah', ""Kog'Maw""]","['Darius', 'Graves', 'Sylas', 'Sivir', 'Taric']"
Ekko,First_Strike,"['Aatrox', 'Ekko', 'Singed', 'Jinx', 'Lulu']","['Shen', 'Rengar', 'Ziggs', 'Samira', 'Taric']"
Kayn,First_Strike,"['Fiora', 'Kayn', 'Ziggs', 'Caitlyn', 'Thresh']","['Camille', 'Master Yi', 'Twisted Fate', 'Ezreal', 'Leona']"
Camille,Unknown_rune,"['Camille', 'Vi', 'Ziggs', ""Kai'Sa"", 'Nami']","['Fiora', 'Ekko', 'Ezreal', 'Varus', 'Sylas']"
Kayn,First_Strike,"['Yasuo', 'Kayn', 'Katarina', 'Varus', 'Caitlyn']","['Renekton', 'Wukong', 'Ziggs', 'Ezreal', 'Soraka']"
Ekko,First_Strike,"['Gangplank', 'Ekko', 'Ziggs', 'Caitlyn', 'Soraka']","['Shen', 'Elise', 'Viktor', 'Lucian', 'Nami']"
Kayn,First_Strike,"['Urgot', 'Kayn', 'Aurelion Sol', 'Ezreal', 'Alistar']","['Fiora', 'Nocturne', 'Sylas', 'Miss Fortune', 'Seraphine']"
Kayn,First_Strike,"['Lee Sin', 'Kayn', 'Akali', 'Jinx', 'Nautilus']","['Darius', 'Amumu', 'Viego', 'Sivir', 'Xerath']"
Ekko,First_Strike,"['Renekton', 'Ekko', 'Yasuo', 'Ashe', 'Nami']","['Aatrox', 'Gragas', 'Akshan', 'Ezreal', 'Heimerdinger']"
Ekko,First_Strike,"['Jax', 'Ekko', 'Jayce', ""Kai'Sa"", 'Sylas']","['Gangplank', 'Nunu & Willump', 'Renekton', 'Lucian', 'Nami']"
Camille,Unknown_rune,"['Camille', 'Trundle', 'Veigar', 'Jhin', 'Xerath']","['Darius', 'Nunu & Willump', 'Syndra', 'Aphelios', 'Lux']"
Camille,Unknown_rune,"['Camille', 'Graves', 'Rammus', ""Kai'Sa"", 'Veigar']","['Gnar', 'Master Yi', 'Viktor', 'Lucian', 'Nami']"
Camille,Unknown_rune,"['Camille', 'Wukong', 'Viktor', 'Sivir', 'Yuumi']","['Gnar', 'Rammus', 'Sylas', ""Kai'Sa"", 'Jhin']"
Kayn,First_Strike,"['Camille', 'Kayn', 'Yasuo', 'Sivir', 'Lux']","['Sion', 'Nidalee', 'Zeri', 'Caitlyn', 'Xerath']"
Kayn,First_Strike,"['Kennen', 'Kayn', 'Aurelion Sol', ""Kai'Sa"", 'Annie']","['Pantheon', 'Evelynn', 'Aatrox', 'Samira', 'Blitzcrank']"
Kayn,Conqueror,"['Gangplank', 'Kayn', 'Ahri', 'Jinx', 'Lulu']","['Sion', 'Udyr', 'Singed', 'Ezreal', 'Blitzcrank']"
Kayn,First_Strike,"['Fiora', 'Kayn', 'Yasuo', ""Kai'Sa"", 'Karma']","['Malphite', 'Jarvan IV', 'Taliyah', 'Varus', 'Ashe']"
Ekko,First_Strike,"['Fiora', 'Ekko', 'Jayce', ""Kai'Sa"", 'Pyke']","['Aatrox', 'Gragas', 'Viktor', 'Twitch', 'Morgana']"
Ekko,First_Strike,"['Mordekaiser', 'Ekko', 'Irelia', 'Vayne', 'Lulu']","['Camille', 'Udyr', 'Zed', ""Kai'Sa"", 'Zyra']"
Sylas,Unknown_rune,"['Udyr', 'Sylas', 'Zeri', 'Ezreal', 'Karma']","['Irelia', 'Sejuani', 'Ziggs', 'Varus', 'Senna']"
Ekko,First_Strike,"['Renekton', 'Ekko', 'Katarina', 'Xayah', 'Nami']","['Shen', 'Lee Sin', 'Yasuo', 'Caitlyn', 'Xerath']"
Ekko,First_Strike,"['Gnar', 'Ekko', 'Ahri', 'Jhin', 'Nami']","['Kled', 'Diana', 'Zed', 'Aphelios', 'Xerath']"
Pyke,Unknown_rune,"['Gragas', 'Jarvan IV', 'Zeri', 'Vayne', 'Pyke']","['Rumble', 'Kindred', 'Zoe', 'Jinx', 'Braum']"
Kayn,First_Strike,"['Aatrox', 'Kayn', 'Vex', 'Varus', 'Xerath']","['Jayce', 'Sylas', 'Ezreal', 'Zeri', 'Nami']"
Ekko,First_Strike,"['Yone', 'Ekko', 'Vex', 'Zeri', 'Yuumi']","['Lee Sin', 'Hecarim', 'Syndra', 'Jhin', 'Nidalee']"
Ekko,First_Strike,"['Camille', 'Ekko', 'Syndra', ""Kai'Sa"", 'Annie']","['Renekton', 'Taliyah', 'Nautilus', 'Jinx', 'Xerath']"
Kayn,First_Strike,"['Yasuo', 'Kayn', 'Vex', 'Varus', 'Renata Glasc']","['Olaf', 'Lee Sin', 'Aurelion Sol', 'Ezreal', 'Xerath']"
Kayn,First_Strike,"['Urgot', 'Kayn', 'Katarina', 'Lucian', 'Braum']","['Mordekaiser', 'Vi', 'Lux', ""Kai'Sa"", 'Veigar']"
Camille,Unknown_rune,"['Camille', 'Gragas', 'Zed', 'Varus', 'Ashe']","['Malphite', 'Hecarim', 'LeBlanc', 'Ezreal', 'Karma']"
Renekton,Conqueror,"['Renekton', 'Sylas', 'Irelia', 'Karthus', 'Senna']","['Sett', 'Hecarim', 'Xerath', ""Kai'Sa"", 'Ashe']"
Sylas,Unknown_rune,"['Jax', 'Sylas', 'Viktor', 'Jhin', 'Alistar']","['Akali', 'Jarvan IV', 'Katarina', 'Caitlyn', 'Pyke']"
Kayn,First_Strike,"['Malphite', 'Kayn', 'Caitlyn', ""Kai'Sa"", 'Karma']","['Sylas', 'Zac', 'Quinn', 'Ezreal', 'Lux']"
Sylas,Unknown_rune,"['Illaoi', 'Sylas', 'Yone', 'Sivir', 'Lulu']","['Singed', 'Sejuani', 'Akshan', 'Jhin', 'Heimerdinger']"
Ekko,First_Strike,"['Camille', 'Ekko', 'Annie', 'Jhin', 'Thresh']","['Irelia', 'Maokai', 'Ryze', ""Kai'Sa"", 'Lux']"
Sylas,Unknown_rune,"['Yone', 'Sylas', 'Fizz', 'Aphelios', 'Renata Glasc']","['Irelia', 'Kindred', 'Jayce', 'Tristana', 'Nautilus']"
Kayn,First_Strike,"['Fiora', 'Kayn', 'Katarina', 'Caitlyn', 'Lux']","['Renekton', 'Gragas', 'Yasuo', 'Jinx', ""Vel'Koz""]"
Kayn,First_Strike,"['Singed', 'Kayn', 'Alistar', ""Kai'Sa"", 'Pyke']","['Sett', 'Lee Sin', 'Aurelion Sol', 'Kalista', 'Thresh']"
Kayn,First_Strike,"['Kled', 'Kayn', 'Alistar', 'Jinx', 'Nautilus']","['Gangplank', 'Wukong', 'Viktor', 'Ezreal', 'Lux']"
Sylas,Conqueror,"['Singed', 'Kayn', 'Akshan', 'Sylas', 'Zac']","['Rumble', 'Zed', 'Ezreal', 'Lucian', 'Nami']"
Sylas,Unknown_rune,"['Irelia', 'Sylas', 'Akali', 'Ezreal', 'Nami']","['Lee Sin', 'Rengar', 'Vex', 'Xayah', 'Pantheon']"
Kayn,First_Strike,"['Lee Sin', 'Kayn', 'Vladimir', 'Xayah', 'Thresh']","['Irelia', 'Vi', 'Zed', ""Kai'Sa"", 'Nami']"
Kayn,First_Strike,"['Malphite', 'Kayn', 'Vladimir', 'Lucian', 'Thresh']","['Sylas', 'Rengar', 'LeBlanc', 'Jhin', 'Ezreal']"
Kayn,First_Strike,"['Mordekaiser', 'Kayn', 'Zed', 'Tristana', 'Blitzcrank']","['Malphite', 'Nidalee', 'Sylas', ""Kai'Sa"", 'Pyke']"
Kayn,First_Strike,"['Aatrox', 'Kayn', 'Yasuo', 'Varus', 'Heimerdinger']","['Jayce', 'Zac', 'Gangplank', 'Ezreal', 'Karma']"
Ekko,First_Strike,"['Yone', 'Ekko', 'Jax', 'Zeri', 'Lulu']","['Kled', 'Rengar', 'Zed', 'Jhin', 'Lux']"
Sylas,Unknown_rune,"['Sion', 'Sylas', 'Taliyah', 'Tristana', 'Ashe']","['Darius', 'Sejuani', 'Galio', 'Sivir', 'Yuumi']"
Kayn,Conqueror,"['Jayce', 'Kayn', 'Vladimir', 'Samira', 'Renata Glasc']","[""Cho'Gath"", 'Lee Sin', 'Diana', 'Twitch', 'Thresh']"
Kayn,Conqueror,"['Irelia', 'Kayn', 'Akali', 'Aphelios', 'Thresh']","['Darius', ""Rek'Sai"", 'Sylas', 'Twitch', 'Zac']"
Kayn,First_Strike,"['Sion', 'Kayn', 'Lissandra', 'Caitlyn', 'Thresh']","['Jax', ""Rek'Sai"", 'Aurelion Sol', ""Kai'Sa"", 'Braum']"
Kayn,First_Strike,"['Riven', 'Kayn', 'Xerath', 'Twitch', 'Soraka']","['Singed', 'Diana', 'Katarina', ""Kai'Sa"", 'Karma']"
Kayn,First_Strike,"['Darius', 'Kayn', 'Gnar', 'Caitlyn', 'Ashe']","['Poppy', 'Nunu & Willump', 'Zoe', ""Kai'Sa"", 'Nautilus']"
Kayn,First_Strike,"['Jax', 'Kayn', 'Corki', 'Tristana', 'Morgana']","['Sett', 'Nidalee', 'Viktor', ""Kai'Sa"", 'Alistar']"
Kayn,First_Strike,"['Gangplank', 'Kayn', 'Fizz', ""Kai'Sa"", 'Alistar']","['Aatrox', 'Singed', 'Sylas', 'Ezreal', 'Twitch']"
Kayn,First_Strike,"['Garen', 'Kayn', 'Corki', 'Xayah', 'Thresh']","['Nasus', 'Jarvan IV', 'Cassiopeia', 'Varus', 'Yuumi']"
Sylas,Unknown_rune,"['Kayle', 'Sylas', 'Irelia', 'Zeri', 'Soraka']","['Rammus', 'Jarvan IV', 'Vladimir', 'Jinx', 'Lulu']"
Kayn,First_Strike,"['Shen', 'Kayn', 'Aurelion Sol', 'Twitch', 'Lux']","['Vayne', 'Graves', 'Taliyah', ""Kai'Sa"", 'Lulu']"
Kayn,First_Strike,"['Aatrox', 'Kayn', 'Ahri', 'Zeri', 'Yuumi']","['Fiora', 'Hecarim', 'Akali', 'Draven', 'Xerath']"
Kayn,First_Strike,"['Jayce', 'Kayn', 'Gragas', 'Varus', 'Annie']","['Aatrox', 'Jarvan IV', 'Xerath', 'Zeri', 'Yuumi']"
Kayn,First_Strike,"['Ornn', 'Kayn', ""Cho'Gath"", 'Zeri', 'Yuumi']","['Pantheon', 'Graves', 'Sylas', 'Vayne', 'Ashe']"
Kayn,First_Strike,"['Wukong', 'Kayn', 'Kassadin', 'Lucian', 'Soraka']","['Olaf', 'Lee Sin', 'Twisted Fate', ""Kai'Sa"", 'Nautilus']"
Ekko,First_Strike,"['Riven', 'Ekko', 'Kassadin', 'Zeri', 'Lulu']","['Jayce', 'Lee Sin', 'Katarina', 'Aphelios', 'Maokai']"
Kayn,First_Strike,"['Sion', 'Kayn', 'Lux', ""Kai'Sa"", 'Ashe']","['Tryndamere', 'Shaco', 'Taliyah', 'Zeri', 'Lulu']"
Ekko,First_Strike,"['Gangplank', 'Ekko', 'Ryze', ""Kai'Sa"", 'Alistar']","['Riven', 'Zac', 'Vladimir', 'Varus', 'Yuumi']"
Ekko,First_Strike,"['Tryndamere', 'Ekko', 'Riven', ""Kai'Sa"", 'Nautilus']","['Gnar', ""Bel'Veth"", 'Galio', 'Caitlyn', 'Lux']"
Ekko,First_Strike,"[""K'Sante"", 'Ekko', 'Lux', 'Lucian', 'Thresh']","['Wukong', 'Lee Sin', 'Akali', 'Draven', 'Pyke']"
Camille,Unknown_rune,"['Camille', 'Sylas', 'Viktor', 'Samira', 'Annie']","['Nasus', 'Kayn', 'Singed', 'Kalista', 'Soraka']"
Ekko,First_Strike,"['Jayce', 'Ekko', 'Aurelion Sol', 'Samira', 'Pyke']","['Jax', 'Lee Sin', 'Taliyah', 'Zeri', 'Lulu']"
Ekko,First_Strike,"['Jax', 'Ekko', 'Annie', 'Draven', 'Pyke']","['Gragas', 'Lee Sin', 'Gwen', ""Kai'Sa"", 'Nautilus']"
Aphelios,Unknown_rune,"['Olaf', 'Rammus', 'Vladimir', 'Aphelios', 'Swain']","['Tryndamere', 'Ivern', 'Orianna', 'Samira', ""Bel'Veth""]"
Kayn,First_Strike,"['Kennen', 'Kayn', 'Pyke', 'Aphelios', 'Seraphine']","['Gangplank', 'Amumu', 'Viktor', ""Kai'Sa"", 'Ashe']"
Kayn,First_Strike,"['Poppy', 'Kayn', 'Viktor', 'Jhin', 'Zoe']","['Volibear', 'Aurelion Sol', 'Ekko', 'Xayah', 'Nami']"
Kayn,First_Strike,"['Camille', 'Kayn', 'Syndra', 'Jinx', 'Nami']","['Gwen', 'Rammus', 'Gangplank', 'Tristana', 'Annie']"
Kayn,Conqueror,"[""Cho'Gath"", 'Kayn', 'Seraphine', ""Kog'Maw"", 'Annie']","['Nasus', 'Gragas', 'Vladimir', 'Ezreal', ""Bel'Veth""]"
Kayn,First_Strike,"['Jax', 'Kayn', 'Aurelion Sol', ""Kai'Sa"", 'Sona']","['Rengar', ""Bel'Veth"", 'Ekko', 'Miss Fortune', 'Swain']"
Kayn,First_Strike,"['Gnar', 'Kayn', 'Irelia', 'Aphelios', 'Karma']","['Malphite', 'Ekko', 'Sett', 'Ezreal', 'Zyra']"
Riven,Conqueror,"['Brand', 'Vayne', 'Zyra', 'Vladimir', 'Riven']","['Blitzcrank', 'Senna', 'Veigar', 'Jax', 'Ashe']"
Kayn,First_Strike,"['Malphite', 'Kayn', 'Veigar', 'Ezreal', 'Karma']","['Kayle', 'Sejuani', 'Irelia', ""Kai'Sa"", 'Caitlyn']"
Kayn,First_Strike,"['Camille', 'Kayn', 'Aurelion Sol', 'Ezreal', 'Lux']","['Riven', 'Ekko', 'Corki', 'Jhin', 'Thresh']"
Kayn,First_Strike,"[""K'Sante"", 'Kayn', 'Sylas', 'Veigar', 'Senna']","['Fiora', 'Lee Sin', 'Ahri', 'Jinx', 'Janna']"
Kayn,First_Strike,"['Jax', 'Kayn', 'Kassadin', 'Caitlyn', 'Lux']","['Zeri', 'Master Yi', 'Sylas', 'Xayah', 'Rakan']"
Kayn,Conqueror,"['Tristana', 'Kayn', 'Lissandra', 'Ezreal', 'Rakan']","['Gragas', 'Warwick', 'Yasuo', ""Kai'Sa"", 'Maokai']"
Kayn,First_Strike,"['Poppy', 'Kayn', 'Ahri', 'Varus', 'Annie']","['Fiora', 'Zac', 'LeBlanc', 'Caitlyn', 'Nami']"
Kayn,Conqueror,"['Gnar', 'Kayn', 'Zed', 'Vayne', 'Lulu']","['Malphite', 'Warwick', 'Singed', 'Samira', 'Janna']"
Kayn,First_Strike,"['Gnar', 'Kayn', 'Malzahar', 'Lux', 'Nami']","['Illaoi', 'Rengar', 'Vladimir', 'Ezreal', 'Zyra']"
Kayn,Conqueror,"['Aatrox', 'Kayn', 'Akali', 'Xayah', 'Thresh']","['Darius', 'Udyr', 'Viktor', 'Lucian', 'Swain']"
Kayn,First_Strike,"['Teemo', 'Kayn', 'Katarina', 'Lucian', 'Sona']","['Yone', 'Viego', 'Kassadin', 'Xayah', 'Senna']"
Kayn,First_Strike,"['Urgot', 'Kayn', 'Akali', 'Tristana', 'Bard']","['Illaoi', 'Lillia', 'Zed', 'Xayah', 'Thresh']"
Kayn,First_Strike,"['Teemo', 'Kayn', 'Pantheon', 'Xayah', 'Twitch']","['Veigar', 'Sylas', 'Yone', 'Ezreal', 'Bard']"
Kayn,Conqueror,"['Fiora', 'Kayn', 'Ahri', 'Varus', 'Taric']","['Darius', 'Sylas', 'Vi', ""Kai'Sa"", 'Twitch']"
Kayn,Conqueror,"['Fiora', 'Kayn', 'Akshan', ""Kai'Sa"", 'Ashe']","['Sett', 'Volibear', 'Sylas', 'Caitlyn', 'Soraka']"
Amumu,Conqueror,"['Shyvana', 'Amumu', 'Zilean', 'Caitlyn', 'Morgana']","['Fiora', 'Ekko', 'Syndra', ""Kai'Sa"", 'Soraka']"
Kayn,First_Strike,"['Aatrox', 'Kayn', 'Lux', 'Zeri', 'Morgana']","['Singed', 'Xin Zhao', 'Syndra', 'Caitlyn', 'Annie']"
Amumu,Conqueror,"['Yone', 'Amumu', 'LeBlanc', ""Kai'Sa"", 'Annie']","['Fiora', 'Kayn', 'Sylas', 'Lucian', 'Pyke']"
Zed,Conqueror,"['Ornn', 'Zed', 'Ziggs', ""Kai'Sa"", 'Karma']","['Mordekaiser', 'Rengar', 'Sett', 'Twitch', 'Annie']"
Kayn,First_Strike,"['Volibear', 'Kayn', 'Vex', ""Kai'Sa"", 'Renata Glasc']","['Sett', 'Talon', 'Veigar', 'Ezreal', 'Swain']"
Kayn,First_Strike,"['Jax', 'Kayn', 'Ziggs', 'Aphelios', 'Ashe']","['Tahm Kench', 'Viego', 'Ahri', ""Kai'Sa"", 'Lux']"
Kayn,First_Strike,"['Shen', 'Kayn', 'Yasuo', 'Twitch', 'Lux']","['Jax', 'Sylas', 'Lissandra', 'Tristana', 'Sona']"
Kayn,First_Strike,"['Ornn', 'Kayn', 'Yasuo', 'Xayah', 'Rakan']","['Darius', 'Vi', 'Anivia', ""Kai'Sa"", 'Nautilus']"
Kayn,First_Strike,"['Kayle', 'Kayn', 'Veigar', 'Samira', 'Blitzcrank']","['Fiora', 'Maokai', 'Ziggs', 'Caitlyn', 'Annie']"
Kayn,First_Strike,"['Poppy', 'Kayn', 'Gangplank', 'Jhin', ""Vel'Koz""]","['Jayce', 'Ekko', 'Yasuo', 'Xayah', 'Maokai']"
Kayn,First_Strike,"['Illaoi', 'Kayn', 'Katarina', 'Caitlyn', 'Morgana']","['Aatrox', 'Olaf', 'Varus', 'Ezreal', 'Pyke']"
Kayn,First_Strike,"['Irelia', 'Kayn', 'Sylas', 'Xayah', 'Renata Glasc']","['Darius', 'Diana', 'Varus', 'Miss Fortune', 'Nautilus']"
Kayn,First_Strike,"['Darius', 'Kayn', 'Ryze', 'Akshan', 'Thresh']","['Jax', 'Viego', 'Ahri', 'Draven', 'Nami']"
Kayn,First_Strike,"['Akali', 'Kayn', 'Malzahar', 'Samira', 'Alistar']","['Darius', 'Maokai', ""Kog'Maw"", 'Jhin', 'Thresh']"
Kayn,Conqueror,"['Olaf', 'Kayn', 'Aurelion Sol', ""Cho'Gath"", 'Senna']","['Darius', ""Kha'Zix"", 'LeBlanc', 'Ezreal', 'Leona']"
Kayn,First_Strike,"['Illaoi', 'Kayn', 'Yasuo', 'Sivir', 'Annie']","['Warwick', 'Vi', 'Ryze', 'Senna', 'Renata Glasc']"
Kayn,First_Strike,"[""K'Sante"", 'Kayn', 'LeBlanc', 'Tristana', 'Maokai']","['Illaoi', 'Gragas', 'Yasuo', 'Ashe', 'Nami']"
Kayn,First_Strike,"['Jax', 'Kayn', 'Ziggs', 'Xayah', 'Seraphine']","[""Cho'Gath"", 'Master Yi', 'Annie', 'Twitch', 'Nami']"
Ekko,Unknown_rune,"['Darius', 'Ekko', 'Yasuo', 'Ezreal', 'Nami']","['Malphite', 'Hecarim', 'Zoe', ""Kai'Sa"", 'Karma']"
Ivern,Unknown_rune,"['Darius', 'Ivern', ""Kai'Sa"", 'Ezreal', 'Xerath']","['Singed', 'Zac', 'Azir', 'Xayah', 'Rakan']"
Sejuani,Unknown_rune,"['Kled', 'Sejuani', 'Azir', 'Xayah', 'Thresh']","['Sett', 'Jarvan IV', 'Lux', ""Kog'Maw"", 'Janna']"
Jarvan IV,Conqueror,"['Sion', 'Jarvan IV', 'Gragas', 'Xayah', 'Lulu']","['Kayle', 'Sejuani', 'Katarina', 'Tristana', 'Soraka']"
Maokai,Unknown_rune,"['Tryndamere', 'Maokai', 'Zed', 'Varus', 'Ashe']","['Galio', 'Nocturne', 'Twitch', 'Samira', 'Nautilus']"
Elise,Unknown_rune,"['Ornn', 'Elise', 'Zed', 'Caitlyn', 'Pyke']","['Riven', ""Kha'Zix"", 'Akshan', 'Ashe', 'Soraka']"
Kayn,First_Strike,"['Mordekaiser', 'Kayn', 'Ziggs', 'Ezreal', 'Thresh']","['Fiora', 'Jarvan IV', 'Twisted Fate', ""Kai'Sa"", 'Blitzcrank']"
Jarvan IV,Conqueror,"['Darius', 'Jarvan IV', 'Twisted Fate', 'Jhin', 'Annie']","['Camille', 'Maokai', 'Talon', 'Ezreal', 'Janna']"
Kayn,First_Strike,"['Darius', 'Kayn', 'Veigar', 'Xayah', 'Rakan']","['Quinn', 'Rengar', 'Lissandra', 'Karthus', 'Ashe']"
Kayn,Conqueror,"['Urgot', 'Kayn', 'Aurelion Sol', 'Caitlyn', ""Vel'Koz""]","['Irelia', 'Jarvan IV', 'Twitch', ""Kai'Sa"", 'Amumu']"
Morgana,Unknown_rune,"['Sion', 'Wukong', 'Viktor', 'Samira', 'Morgana']","['Garen', 'Jarvan IV', 'Anivia', 'Caitlyn', 'Thresh']"
Elise,Unknown_rune,"['Syndra', 'Elise', 'Talon', 'Samira', 'Lulu']","['Sion', 'Hecarim', 'Akali', 'Jinx', 'Nami']"
Kayn,First_Strike,"['Riven', 'Kayn', 'Veigar', 'Draven', 'Twitch']","['Darius', 'Vi', 'Katarina', 'Varus', 'Camille']"
Kayn,First_Strike,"['Mordekaiser', 'Kayn', 'Veigar', 'Xayah', 'Blitzcrank']","['Shen', 'Ekko', 'Qiyana', 'Ezreal', 'Karma']"
Elise,Unknown_rune,"['Riven', 'Elise', 'Swain', 'Twitch', 'Soraka']","['Warwick', 'Zac', 'Yasuo', 'Tristana', 'Lulu']"
Annie,Unknown_rune,"['Jarvan IV', 'Nunu & Willump', 'Annie', 'Caitlyn', 'Rakan']","['Shen', 'Ekko', 'Anivia', 'Jinx', 'Lux']"
Kayn,First_Strike,"['Udyr', 'Kayn', 'Vladimir', 'Twitch', 'Yuumi']","['Jax', 'Jarvan IV', 'Gragas', 'Caitlyn', 'Senna']"
Kayn,First_Strike,"['Shen', 'Kayn', 'Tristana', 'Akshan', 'Soraka']","['Gwen', 'Maokai', 'Neeko', 'Jinx', 'Janna']"
Kayn,Conqueror,"['Irelia', 'Kayn', 'Ekko', 'Caitlyn', 'Bard']","['Jax', ""Kha'Zix"", 'Syndra', 'Jhin', 'Alistar']"
Kayn,Conqueror,"['Riven', 'Kayn', 'Taliyah', 'Caitlyn', 'Xerath']","['Zac', 'Jarvan IV', 'Irelia', 'Samira', 'Alistar']"
Kayn,First_Strike,"['Malphite', 'Kayn', 'Annie', 'Samira', 'Pyke']","['Aatrox', 'Udyr', 'Talon', 'Ezreal', 'Soraka']"
Jarvan IV,Conqueror,"['Lissandra', 'Jarvan IV', 'Shen', 'Samira', 'Xerath']","['Fizz', 'Xin Zhao', 'Pantheon', 'Varus', 'Lulu']"
Amumu,Unknown_rune,"['Darius', 'Amumu', 'Xerath', 'Caitlyn', 'Janna']","['Fiora', ""Rek'Sai"", 'Viktor', 'Ezreal', 'Yuumi']"
Elise,Unknown_rune,"['Shen', 'Elise', 'Yasuo', ""Kai'Sa"", 'Tahm Kench']","['Jax', ""Kha'Zix"", 'Sylas', 'Sivir', 'Senna']"
Elise,Unknown_rune,"['Irelia', 'Elise', 'Zoe', ""Kog'Maw"", 'Xerath']","['Illaoi', 'Nunu & Willump', 'Tristana', 'Caitlyn', 'Ashe']"
Jarvan IV,Conqueror,"['Akshan', 'Jarvan IV', 'Katarina', 'Draven', 'Janna']","['Fiora', 'Graves', 'Vex', 'Veigar', 'Senna']"
Annie,Unknown_rune,"['Vladimir', 'Sejuani', 'Fiora', 'Samira', 'Annie']","['Ryze', 'Amumu', 'Katarina', 'Zeri', 'Shaco']"
Elise,Unknown_rune,"['Olaf', 'Elise', 'Corki', 'Xayah', 'Janna']","['Shen', 'Lee Sin', 'Zoe', 'Ezreal', 'Zyra']"
Jarvan IV,Conqueror,"['Dr. Mundo', 'Jarvan IV', 'Syndra', 'Xayah', 'Rakan']","['Illaoi', 'Kayn', 'Zed', 'Varus', 'Janna']"
Elise,Unknown_rune,"['Shen', 'Elise', 'Tristana', 'Caitlyn', 'Lux']","['Aatrox', 'Sejuani', 'Kayle', 'Jhin', 'Karma']"
Annie,Unknown_rune,"['Fiora', 'Diana', 'Malzahar', ""Kai'Sa"", 'Annie']","['Gnar', 'Hecarim', 'Vladimir', 'Zeri', 'Rakan']"
Rammus,Unknown_rune,"['Pantheon', 'Rammus', 'Cassiopeia', 'Ezreal', 'Pyke']","['Riven', 'Maokai', 'Malzahar', 'Xayah', 'Soraka']"
Rammus,Unknown_rune,"['Tristana', 'Rammus', 'Gwen', 'Varus', 'Senna']","['Annie', 'Jarvan IV', 'Riven', 'Caitlyn', 'Twitch']"
Karma,Unknown_rune,"['Olaf', 'Rammus', 'Katarina', 'Twitch', 'Karma']","['Fiora', 'Amumu', 'Ahri', ""Kai'Sa"", 'Fiddlesticks']"
Kayn,Conqueror,"['Riven', 'Kayn', 'Katarina', 'Vayne', 'Lulu']","['Sett', 'Poppy', 'Vladimir', 'Ezreal', 'Janna']"
Jarvan IV,Conqueror,"['Kayle', 'Jarvan IV', 'Syndra', 'Jhin', 'Karma']","['Shen', 'Kindred', 'Lulu', 'Jinx', 'Braum']"
Jarvan IV,Conqueror,"['Camille', 'Jarvan IV', 'Azir', 'Ashe', 'Lulu']","['Nocturne', ""Rek'Sai"", 'Veigar', 'Jinx', 'Soraka']"
Jarvan IV,Conqueror,"['Nocturne', 'Jarvan IV', 'Sylas', 'Jhin', 'Senna']","['Sion', 'Amumu', 'Diana', 'Samira', 'Thresh']"
Jarvan IV,Conqueror,"['Mordekaiser', 'Jarvan IV', 'Tristana', 'Caitlyn', 'Sona']","['Kled', 'Sion', 'Veigar', 'Varus', 'Senna']"
Kayn,First_Strike,"['Renekton', 'Kayn', 'Fizz', 'Jhin', 'Ashe']","['Akshan', 'Graves', 'Aurelion Sol', 'Caitlyn', 'Lulu']"
Kayn,Unknown_rune,"['Gragas', 'Kayn', 'Ahri', 'Miss Fortune', 'Leona']","['Fiora', 'Elise', 'Annie', 'Sivir', 'Sona']"
Kayn,Unknown_rune,"['Gragas', 'Kayn', 'Tristana', 'Ezreal', 'Thresh']","['Aatrox', 'Warwick', 'Kennen', 'Miss Fortune', 'Janna']"
Kayn,Conqueror,"['Gragas', 'Kayn', 'Ryze', 'Aphelios', 'Bard']","[""Kai'Sa"", 'Fiddlesticks', 'Zeri', 'Jinx', 'Lux']"
Kayn,First_Strike,"['Gragas', 'Kayn', 'Ahri', 'Miss Fortune', 'Renata Glasc']","['Jax', 'Rumble', 'Anivia', 'Lucian', 'Nami']"
Kayn,Unknown_rune,"['Gragas', 'Kayn', 'Taliyah', 'Zeri', 'Blitzcrank']","['Ornn', 'Elise', 'Lux', 'Aphelios', 'Thresh']"
Sejuani,Unknown_rune,"['Gragas', 'Sejuani', 'Taliyah', 'Xayah', 'Rakan']","['Fiora', 'Viego', 'Azir', 'Draven', 'Lulu']"
Ezreal,Unknown_rune,"['Varus', 'Viego', 'Lux', 'Ezreal', 'Yuumi']","['Singed', 'Udyr', 'Aurelion Sol', 'Twitch', 'Annie']"
Sejuani,Unknown_rune,"['Akali', 'Sejuani', 'Annie', 'Aphelios', 'Thresh']","['Nasus', 'Vi', ""Vel'Koz"", 'Twitch', 'Janna']"
Sejuani,Unknown_rune,"['Olaf', 'Sejuani', 'Ahri', 'Aphelios', 'Morgana']","[""Cho'Gath"", 'Diana', 'Cassiopeia', 'Xayah', 'Rakan']"
Wukong,Conqueror,"['Akali', 'Wukong', 'Sylas', 'Aphelios', 'Bard']","['Shen', 'Sejuani', 'Vex', 'Miss Fortune', 'Leona']"
Sejuani,Unknown_rune,"['Akali', 'Sejuani', 'Jayce', 'Aphelios', 'Thresh']","['Vladimir', 'Jarvan IV', 'Nasus', ""Kai'Sa"", 'Renata Glasc']"
Vladimir,Unknown_rune,"['Karma', 'Tryndamere', 'Vladimir', 'Gragas', 'Fizz']","['Fiddlesticks', 'Yuumi', 'Ryze', 'Viego', 'Fiora']"
Zac,Conqueror,"['Gangplank', 'Zac', 'Katarina', 'Sivir', 'Ashe']","['Fiora', 'Viego', 'Syndra', 'Miss Fortune', 'Lulu']"
Sejuani,Unknown_rune,"['Gragas', 'Sejuani', 'Galio', 'Aphelios', 'Bard']","['Pantheon', 'Wukong', 'Azir', 'Miss Fortune', 'Zilean']"
Sejuani,Unknown_rune,"['Gangplank', 'Sejuani', 'Katarina', 'Aphelios', 'Renata Glasc']","['Shen', 'Nocturne', 'Viktor', 'Vayne', 'Alistar']"
Kindred,Unknown_rune,"['Renekton', 'Kindred', 'Katarina', 'Aphelios', 'Ashe']","['Riven', 'Graves', 'Sylas', 'Varus', 'Yuumi']"
Sejuani,Unknown_rune,"['Gragas', 'Sejuani', 'Ahri', 'Aphelios', 'Thresh']","['Aatrox', 'Shaco', 'Rakan', 'Ashe', 'Jhin']"
Sejuani,Unknown_rune,"['Malphite', 'Sejuani', 'Gragas', 'Sivir', 'Bard']","['Camille', 'Vi', 'Katarina', 'Draven', 'Karma']"
Sejuani,Unknown_rune,"['Jax', 'Sejuani', 'Vladimir', 'Zeri', 'Lulu']","['Mordekaiser', 'Nunu & Willump', 'Tristana', 'Anivia', 'Pantheon']"
Lee Sin,Conqueror,"['Jax', 'Lee Sin', 'Vladimir', 'Jinx', 'Lulu']","['Kennen', 'Warwick', 'Kassadin', 'Zeri', 'Rell']"
Sejuani,Unknown_rune,"['Jax', 'Sejuani', 'Tristana', 'Ezreal', 'Lux']","['Gnar', 'Warwick', 'Kassadin', 'Zeri', 'Taric']"
Kayn,First_Strike,"['Darius', 'Kayn', 'Irelia', 'Ezreal', 'Thresh']","['Kennen', 'Lillia', 'Zed', 'Xayah', 'Rakan']"
Sejuani,Unknown_rune,"['Gragas', 'Sejuani', 'Ryze', 'Aphelios', 'Nautilus']","['Jayce', 'Ivern', 'Master Yi', 'Ashe', 'Lulu']"
Rammus,Unknown_rune,"['Irelia', 'Rammus', 'Sylas', 'Jinx', 'Thresh']","['Yone', 'Amumu', 'Cassiopeia', 'Sivir', 'Lulu']"
Kayn,First_Strike,"['Gragas', 'Kayn', 'LeBlanc', 'Aphelios', 'Thresh']","['Ornn', 'Xin Zhao', 'Ziggs', 'Veigar', 'Senna']"
Kayn,Conqueror,"['Olaf', 'Kayn', 'Gragas', 'Aphelios', 'Thresh']","['Sett', 'Sejuani', 'Vladimir', 'Varus', 'Bard']"
Elise,Unknown_rune,"['Malphite', 'Elise', 'Galio', 'Aphelios', 'Braum']","['Shen', 'Sejuani', 'Kassadin', 'Miss Fortune', 'Annie']"
Elise,Unknown_rune,"['Malphite', 'Elise', 'Galio', 'Aphelios', 'Thresh']","['Shen', 'Karthus', 'Ahri', 'Sivir', 'Renata Glasc']"
Elise,Unknown_rune,"['Malphite', 'Elise', 'Vladimir', 'Samira', 'Thresh']","['Mordekaiser', 'Olaf', 'Zilean', ""Kai'Sa"", 'Nautilus']"
Jarvan IV,Conqueror,"['Camille', 'Jarvan IV', 'Galio', 'Xayah', 'Thresh']","['Lee Sin', 'Viego', 'Twisted Fate', ""Kai'Sa"", 'Nautilus']"
Jarvan IV,Conqueror,"['Gwen', 'Jarvan IV', 'Katarina', 'Aphelios', 'Thresh']","['Ornn', 'Vi', 'Vex', 'Sivir', 'Karma']"
Kayn,Conqueror,"['Gangplank', 'Kayn', 'Lissandra', 'Aphelios', 'Thresh']","['Kled', 'Warwick', 'Kassadin', 'Zeri', 'Rell']"
Sejuani,Unknown_rune,"['Jayce', 'Sejuani', 'Orianna', 'Aphelios', 'Braum']","['Dr. Mundo', 'Kayn', 'Lux', 'Twitch', 'Swain']"
Kayn,First_Strike,"['Gwen', 'Kayn', 'Zed', 'Draven', 'Janna']","['Volibear', 'Vi', 'Lux', 'Ezreal', 'Leona']"
Riven,Conqueror,"['Seraphine', 'Varus', 'Riven', 'Quinn', 'Jhin']","['Vex', 'Trundle', ""Cho'Gath"", 'Ahri', 'Lucian']"
Kayn,Unknown_rune,"['Gragas', 'Kayn', 'Katarina', 'Aphelios', 'Blitzcrank']","['Samira', 'Fiddlesticks', 'Vex', 'Draven', 'Swain']"
Kayn,Unknown_rune,"['Gangplank', 'Kayn', 'Taliyah', 'Aphelios', 'Renata Glasc']","['Renekton', 'Elise', 'Yone', ""Kai'Sa"", 'Soraka']"
Kayn,Conqueror,"['Tahm Kench', 'Kayn', 'Gragas', 'Ezreal', 'Ashe']","['Shen', 'Amumu', 'Annie', ""Kai'Sa"", 'Blitzcrank']"
Kayn,Unknown_rune,"['Tryndamere', 'Kayn', 'Sylas', 'Xayah', 'Lulu']","['Malphite', 'Karthus', 'Talon', 'Miss Fortune', 'Xerath']"
Kayn,First_Strike,"['Sion', 'Kayn', 'Sylas', 'Caitlyn', 'Ashe']","['Fiora', 'Ekko', 'Ahri', 'Varus', 'Xerath']"
Sejuani,Unknown_rune,"['Renekton', 'Sejuani', 'Ahri', 'Twitch', 'Zyra']","['Maokai', 'Nidalee', 'Jayce', 'Xayah', 'Miss Fortune']"
Vladimir,Unknown_rune,"['Renata Glasc', 'Zilean', 'Lee Sin', 'Vladimir', 'Ekko']","['Lillia', 'Xin Zhao', 'Neeko', 'Kindred', 'Gangplank']"
Kayn,Unknown_rune,"['Camille', 'Kayn', 'Aurelion Sol', ""Kai'Sa"", 'Thresh']","['Riven', 'Sejuani', 'Akali', 'Xayah', 'Rakan']"
Kayn,Unknown_rune,"['Yone', 'Kayn', 'Taliyah', 'Vayne', 'Annie']","['Akshan', 'Trundle', 'Twisted Fate', 'Jhin', 'Swain']"
Vel'Koz,Unknown_rune,"['Poppy', ""Vel'Koz"", 'Varus', 'Rumble', 'Morgana']","['Teemo', 'Zoe', 'Xerath', 'Karma', ""Kha'Zix""]"
Janna,Unknown_rune,"['Alistar', 'Janna', 'Qiyana', 'Yone', 'Caitlyn']","['Lux', 'Sylas', 'Darius', ""Kai'Sa"", 'Galio']"
Jhin,Unknown_rune,"['Rumble', 'Jhin', 'Azir', 'Neeko', 'Trundle']","['Viktor', 'Quinn', 'Gragas', 'Ivern', 'Janna']"
Kayn,Conqueror,"['Gragas', 'Kayn', 'Lux', 'Aphelios', 'Renata Glasc']","['Fiora', 'Sejuani', 'Corki', 'Caitlyn', 'Zilean']"
Rammus,Unknown_rune,"['Gragas', 'Rammus', 'Lux', 'Veigar', 'Senna']","['Yasuo', 'Poppy', 'Syndra', ""Kai'Sa"", 'Thresh']"
Sejuani,Unknown_rune,"['Gragas', 'Sejuani', 'Lucian', 'Ezreal', 'Soraka']","['Aatrox', 'Ekko', 'Sylas', 'Draven', 'Brand']"
Kayn,Unknown_rune,"['Gragas', 'Kayn', 'Yone', 'Xayah', 'Nami']","['Tristana', 'Lee Sin', 'Viktor', ""Kai'Sa"", 'Xerath']"
Kayn,First_Strike,"['Mordekaiser', 'Kayn', 'Galio', 'Twitch', 'Lulu']","['Malphite', 'Nunu & Willump', 'Pantheon', 'Draven', 'Amumu']"
Kayn,Conqueror,"['Ornn', 'Kayn', 'Katarina', 'Twitch', 'Lulu']","['Malphite', 'Nunu & Willump', 'Gragas', 'Miss Fortune', 'Amumu']"
Kayn,First_Strike,"['Poppy', 'Maokai', 'Kayn', 'Twitch', 'Lulu']","['Sett', 'Zac', 'Sylas', 'Lucian', 'Nami']"
Kayn,Unknown_rune,"['Gwen', 'Kayn', 'Viktor', 'Lucian', 'Nami']","['Teemo', 'Lee Sin', 'Syndra', ""Kai'Sa"", 'Ashe']"
Kayn,Unknown_rune,"['Yone', 'Kayn', 'Lux', 'Draven', 'Ashe']","['Anivia', 'Vi', 'Pyke', 'Samira', 'Nautilus']"
Kayn,Conqueror,"['Mordekaiser', 'Zac', 'Kayn', 'Zeri', 'Yuumi']","['Renekton', 'Zed', 'Akali', 'Lucian', 'Alistar']"
Singed,Conqueror,"['Singed', 'Hecarim', 'Lux', 'Xayah', 'Yuumi']","['Jax', 'Amumu', 'Aurelion Sol', 'Jinx', 'Karma']"
Zac,Conqueror,"['Gangplank', 'Zac', 'Yone', 'Sivir', 'Zilean']","['Malphite', 'Kindred', 'Sylas', 'Draven', 'Nautilus']"
Kayn,Unknown_rune,"['Shen', 'Kayn', 'LeBlanc', 'Miss Fortune', 'Leona']","['Darius', 'Kindred', 'Kassadin', 'Draven', 'Thresh']"
Kayn,Unknown_rune,"['Ornn', 'Kayn', 'Zilean', 'Sivir', 'Nami']","['Jax', 'Ivern', 'Viktor', 'Varus', 'Thresh']"
Kayn,Unknown_rune,"['Yone', 'Kayn', 'Orianna', 'Xayah', 'Soraka']","['Fiora', 'Talon', 'Vladimir', 'Caitlyn', 'Rakan']"
Kayn,Unknown_rune,"['Gragas', 'Kayn', 'Yasuo', ""Kai'Sa"", 'Xerath']","[""Cho'Gath"", 'Ekko', 'Singed', 'Jhin', 'Lulu']"
Kayn,First_Strike,"['Sett', 'Nidalee', 'Kayn', 'Caitlyn', 'Lulu']","['Riven', 'Wukong', 'Vladimir', 'Sivir', 'Senna']"
Kayn,Conqueror,"['Teemo', 'Kayn', 'Malzahar', 'Lucian', 'Bard']","['Zac', 'Elise', 'Ahri', 'Xayah', 'Taric']"
Zac,Conqueror,"['Teemo', 'Zac', 'Zed', 'Jinx', 'Soraka']","['Mordekaiser', 'Karthus', 'Sylas', 'Lucian', 'Nami']"
Kayn,Unknown_rune,"['Poppy', 'Kayn', 'LeBlanc', 'Jhin', 'Nautilus']","['Malphite', 'Nunu & Willump', 'Pantheon', 'Varus', 'Ashe']"
Kayn,Unknown_rune,"[""Cho'Gath"", 'Kayn', 'Akali', 'Nilah', 'Karma']","['Gwen', 'Nunu & Willump', 'Jayce', 'Sivir', 'Thresh']"
Kayn,Unknown_rune,"['Sion', 'Kayn', 'Taliyah', 'Twitch', 'Yuumi']","['Wukong', 'Ekko', 'Viktor', 'Aphelios', 'Karma']"
Kayn,Unknown_rune,"['Riven', 'Kayn', ""Cho'Gath"", 'Twitch', 'Xerath']","['Gragas', 'Wukong', 'Yasuo', 'Lucian', 'Nami']"
Nunu & Willump,Unknown_rune,"['LeBlanc', 'Ezreal', 'Braum', 'Zoe', 'Nunu & Willump']","['Kennen', 'Rammus', 'Varus', 'Ahri', 'Draven']"
Amumu,Conqueror,"['Jax', 'Amumu', 'Rumble', 'Miss Fortune', 'Rakan']","['Olaf', 'Fiddlesticks', 'Taliyah', 'Xayah', 'Ashe']"
Kayn,Unknown_rune,"['Illaoi', 'Kayn', 'Nunu & Willump', 'Jhin', 'Rakan']","['Gangplank', 'Shaco', 'Yasuo', 'Twitch', 'Lux']"
Kayn,Unknown_rune,"['Akshan', 'Kayn', 'Yone', 'Seraphine', 'Karma']","['Jax', 'Kindred', 'Lux', ""Kai'Sa"", 'Leona']"
Kayn,Unknown_rune,"['Yorick', 'Kayn', 'Ahri', 'Twitch', 'Lulu']","['Galio', 'Rengar', 'Veigar', 'Caitlyn', 'Lux']"
Kayn,Unknown_rune,"['Kayle', 'Kayn', 'Lissandra', 'Twitch', 'Renata Glasc']","['Gangplank', 'Lillia', 'Xin Zhao', 'Zeri', 'Nami']"
Kayn,Unknown_rune,"[""K'Sante"", 'Kayn', 'Katarina', 'Twitch', 'Karma']","['Riven', 'Gragas', 'LeBlanc', ""Kai'Sa"", 'Lux']"
Kayn,Unknown_rune,"['Olaf', 'Kayn', 'Ahri', 'Jhin', 'Ashe']","['Gragas', 'Zac', 'Vex', 'Twitch', 'Annie']"
Alistar,Unknown_rune,"['Fiora', 'Lillia', 'Veigar', 'Vayne', 'Alistar']","['Shen', 'Rammus', 'Taliyah', 'Caitlyn', 'Heimerdinger']"
Kayn,Unknown_rune,"['Kled', 'Kayn', 'Zoe', 'Aphelios', 'Rumble']","['Jayce', 'Lee Sin', 'Lissandra', 'Ezreal', 'Ashe']"
Kayn,Unknown_rune,"['Mordekaiser', 'Kayn', 'Zed', 'Ezreal', 'Rumble']","['Maokai', 'Elise', 'Lissandra', 'Caitlyn', 'Annie']"
Kayn,Unknown_rune,"['Darius', 'Kayn', 'Ahri', 'Twitch', 'Lulu']","['Sett', 'Udyr', 'Talon', 'Caitlyn', 'Nami']"
Kayn,Unknown_rune,"['Garen', 'Kayn', 'Ahri', 'Twitch', 'Lulu']","['Shaco', 'Ezreal', 'Lux', ""Kai'Sa"", 'Soraka']"
Kayn,Unknown_rune,"['Irelia', 'Kayn', 'Lissandra', 'Tristana', 'Rakan']","['Gangplank', 'Lee Sin', 'Fizz', 'Twitch', 'Thresh']"
Kayn,Unknown_rune,"['Irelia', 'Kayn', 'Sylas', 'Caitlyn', 'Rakan']","['Yone', 'Viego', 'Twisted Fate', 'Xayah', 'Janna']"
Kayn,Unknown_rune,"['Gragas', 'Kayn', 'Corki', 'Jinx', 'Rakan']","['Olaf', 'Zac', 'Lux', 'Xayah', 'Thresh']"
Kayn,Conqueror,"['Gragas', 'Kayn', 'Sylas', 'Jinx', 'Rakan']","['Sejuani', 'Jarvan IV', 'Akali', 'Jhin', 'Annie']"
Kayn,Unknown_rune,"['Gragas', 'Kayn', 'Sylas', 'Jinx', 'Rakan']","['Olaf', 'Amumu', 'Orianna', 'Twitch', 'Annie']"
Kayn,Unknown_rune,"['Gragas', 'Kayn', 'Yone', 'Ashe', 'Rakan']","['Garen', 'Sylas', 'Qiyana', 'Zeri', 'Brand']"
Kayn,Unknown_rune,"['Pantheon', 'Kayn', 'Lux', 'Twitch', 'Nautilus']","['Shen', 'Rengar', 'Viktor', 'Ezreal', 'Annie']"
Kayn,Unknown_rune,"['Gragas', 'Kayn', 'Corki', ""Kai'Sa"", 'Rakan']","['Shen', 'Zac', 'Yasuo', 'Twitch', 'Lulu']"
Kayn,Conqueror,"['Gragas', 'Kayn', 'LeBlanc', 'Jinx', 'Rakan']","['Irelia', 'Ekko', 'Renekton', 'Draven', 'Lulu']"
Kassadin,First_Strike,"['Gnar', 'Poppy', 'Kassadin', 'Xayah', 'Rakan']","['Gragas', ""Kha'Zix"", 'Talon', 'Sivir', 'Annie']"
LeBlanc,Unknown_rune,"[""Cho'Gath"", 'Poppy', 'LeBlanc', 'Caitlyn', 'Annie']","['Gnar', 'Sejuani', 'Kassadin', 'Jhin', ""Vel'Koz""]"
Kayn,Unknown_rune,"['Renekton', 'Kayn', 'Viktor', ""Kai'Sa"", 'Annie']","['Camille', 'Fiddlesticks', 'Lux', 'Zeri', 'Lulu']"
Kayn,Unknown_rune,"['Darius', 'Kayn', 'Aurelion Sol', 'Twitch', 'Lulu']","['Fiora', 'Udyr', 'Syndra', 'Samira', 'Renata Glasc']"
Vi,Conqueror,"['Darius', 'Vi', 'Twisted Fate', 'Twitch', 'Lulu']","['Irelia', 'Viego', 'Orianna', 'Lucian', 'Nami']"
Zac,Conqueror,"['Sett', 'Zac', 'Annie', 'Twitch', 'Lulu']","['Darius', 'Shaco', 'Veigar', 'Xayah', 'Lux']"
Ekko,Unknown_rune,"['Camille', 'Ekko', 'LeBlanc', 'Jinx', 'Yuumi']","['Poppy', 'Evelynn', 'Gangplank', 'Lucian', 'Thresh']"
Kayn,Unknown_rune,"['Poppy', 'Kayn', 'Irelia', 'Lucian', 'Yuumi']","['Kennen', 'Jax', 'Katarina', 'Miss Fortune', 'Soraka']"
Karthus,Dark_Harvest,"['Malphite', 'Karthus', 'Yone', 'Caitlyn', 'Zyra']","['Jayce', 'Zac', 'Akali', 'Jhin', 'Karma']"
Ekko,Dark_Harvest,"['Azir', 'Ekko', 'Yone', 'Ezreal', 'Braum']","['Sion', 'Jarvan IV', 'Xerath', 'Zeri', 'Lux']"
Hecarim,Conqueror,"['Vladimir', 'Hecarim', 'Azir', 'Lucian', 'Senna']","['Shen', 'Kayn', 'Aurelion Sol', 'Nilah', 'Ashe']"
Kayn,Dark_Harvest,"['Shen', 'Kayn', 'Elise', 'Varus', 'Thresh']","['Jax', 'Nidalee', 'Azir', 'Ezreal', 'Blitzcrank']"
Kai'Sa,Unknown_rune,"['Kayle', 'Vi', 'Akali', ""Kai'Sa"", 'Pyke']","['Yone', 'Nidalee', 'Galio', 'Sivir', 'Swain']"
Kayn,Dark_Harvest,"['Camille', 'Kayn', 'Swain', 'Vayne', 'Braum']","['Fiora', 'Graves', 'Alistar', 'Caitlyn', 'Lux']"
Kayn,Dark_Harvest,"['Darius', 'Kayn', 'Malzahar', 'Ezreal', 'Pyke']","['Camille', 'Lee Sin', 'Galio', 'Miss Fortune', 'Heimerdinger']"
Ekko,Dark_Harvest,"['Sett', 'Ekko', 'Twisted Fate', 'Xayah', 'Pyke']","['Rumble', 'Shaco', 'Tristana', 'Varus', 'Leona']"
Hecarim,Conqueror,"['Sion', 'Hecarim', 'Anivia', ""Kai'Sa"", 'Maokai']","['Aatrox', 'Rumble', 'Ahri', 'Caitlyn', 'Karma']"
Kayn,Dark_Harvest,"['Singed', 'Kayn', 'Akshan', 'Jhin', 'Swain']","['Fiora', 'Rumble', 'Irelia', 'Caitlyn', 'Lux']"
Kayn,Dark_Harvest,"['Vladimir', 'Kayn', 'Malzahar', 'Ezreal', 'Karma']","['Gangplank', 'Lee Sin', 'Diana', 'Varus', 'Leona']"
Ekko,Dark_Harvest,"['Jayce', 'Ekko', 'Akshan', 'Caitlyn', 'Annie']","['Gangplank', 'Lee Sin', 'Veigar', 'Ezreal', 'Soraka']"
Ekko,Dark_Harvest,"['Darius', 'Ekko', 'Akshan', 'Jhin', 'Lux']","['Lee Sin', 'Zac', 'Aurelion Sol', 'Caitlyn', 'Karma']"
Ekko,Dark_Harvest,"['Renekton', 'Ekko', 'Sett', 'Caitlyn', 'Karma']","['Zac', 'Fiddlesticks', 'Yasuo', 'Draven', 'Rakan']"
Kayn,Dark_Harvest,"['Poppy', 'Kayn', 'Akali', 'Sivir', 'LeBlanc']","['Ornn', 'Jarvan IV', 'Sylas', 'Varus', 'Seraphine']"
Kayn,Dark_Harvest,"['Urgot', 'Kayn', 'Akali', 'Xayah', 'Nami']","['Fiddlesticks', 'Lee Sin', 'Talon', ""Kai'Sa"", 'Anivia']"
Kayn,Dark_Harvest,"['Gangplank', 'Kayn', 'Akali', 'Ziggs', 'Rakan']","['Nasus', 'Ekko', 'Karma', 'Caitlyn', 'Lux']"
Kayn,Dark_Harvest,"['Aatrox', 'Kayn', 'Sylas', 'Draven', 'Nautilus']","['Nasus', 'Nidalee', 'Aurelion Sol', 'Caitlyn', 'Senna']"
Jarvan IV,Conqueror,"['Shen', 'Jarvan IV', 'Akali', 'Varus', 'Annie']","['Nasus', 'Viego', 'Cassiopeia', ""Kog'Maw"", 'Seraphine']"
Kayn,Dark_Harvest,"['Fiddlesticks', 'Kayn', 'Vladimir', 'Jhin', 'Lulu']","['Malphite', ""Rek'Sai"", 'Veigar', 'Draven', 'Senna']"
Ekko,Dark_Harvest,"['Garen', 'Ekko', 'Akshan', 'Tristana', 'Thresh']","['Sion', 'Fiddlesticks', 'Yone', ""Kai'Sa"", 'Blitzcrank']"
Kayn,Dark_Harvest,"['Darius', 'Kayn', 'Aurelion Sol', 'Jhin', 'Yuumi']","['Mordekaiser', 'Ekko', 'Jayce', 'Xayah', 'Nami']"
Ekko,Dark_Harvest,"['Illaoi', 'Ekko', 'Malzahar', 'Caitlyn', 'Annie']","['Yorick', 'Warwick', 'Galio', 'Zeri', 'Seraphine']"
Kayn,Dark_Harvest,"['Gnar', 'Kayn', 'Annie', 'Jhin', 'Fiddlesticks']","['Malphite', 'Ekko', 'Akali', 'Samira', 'Renata Glasc']"
Kayn,Dark_Harvest,"['Nasus', 'Kayn', 'Ryze', 'Draven', 'Thresh']","['Lee Sin', 'Nocturne', 'Twitch', 'Jhin', 'Zyra']"
Nidalee,Dark_Harvest,"['Lissandra', 'Nidalee', 'Jayce', 'Draven', 'Pyke']","['Cassiopeia', 'Lee Sin', 'Zed', 'Caitlyn', 'Rakan']"
Ekko,Dark_Harvest,"['Gragas', 'Ekko', 'Yone', 'Xayah', 'Swain']","['Renekton', 'Kayn', 'Annie', 'Draven', 'Lux']"
Kayn,Dark_Harvest,"['Aatrox', 'Kayn', 'Veigar', 'Jinx', 'Nautilus']","['Riven', 'Zed', 'Anivia', 'Swain', 'Pyke']"
Kayn,Dark_Harvest,"['Nasus', 'Kayn', 'Aurelion Sol', 'Ezreal', 'Ashe']","['Gnar', 'Sylas', 'Irelia', 'Tristana', 'Nami']"
Ekko,Dark_Harvest,"['Jayce', 'Ekko', ""Kog'Maw"", 'Ezreal', 'Blitzcrank']","['Cassiopeia', 'Nidalee', 'Irelia', 'Jhin', 'Rakan']"
Ekko,Dark_Harvest,"['Sejuani', 'Ekko', 'Ziggs', 'Caitlyn', 'Nautilus']","['Jayce', 'Elise', 'Gangplank', 'Lucian', 'Nami']"
Kayn,Dark_Harvest,"['Renekton', 'Kayn', 'Ziggs', 'Caitlyn', 'Rell']","['Yone', 'Kindred', 'Aurelion Sol', ""Kai'Sa"", 'Alistar']"
Kayn,Dark_Harvest,"['Fiora', 'Kayn', 'Lux', 'Ezreal', 'Karma']","['Nasus', 'Viego', 'Akali', 'Caitlyn', 'Annie']"
Nidalee,Dark_Harvest,"['Sejuani', 'Nidalee', 'Twisted Fate', 'Ezreal', 'Lee Sin']","['Yorick', 'Nocturne', 'Sylas', 'Caitlyn', 'Thresh']"
Hecarim,Conqueror,"['Darius', 'Hecarim', 'Sylas', 'Ziggs', 'Senna']","['Renekton', 'Taliyah', 'Akali', 'Caitlyn', 'Lux']"
Kayn,Dark_Harvest,"['Gangplank', 'Kayn', 'LeBlanc', 'Draven', 'Thresh']","['Nasus', 'Evelynn', 'Taliyah', 'Jhin', 'Ashe']"
Karthus,Dark_Harvest,"['Jayce', 'Karthus', 'Zed', 'Jhin', 'Thresh']","['Malphite', 'Diana', 'Yasuo', 'Caitlyn', 'Senna']"
Kayn,Conqueror,"['Gwen', 'Kayn', 'Akali', 'Caitlyn', 'Thresh']","['Shen', 'Viego', 'Twisted Fate', 'Tristana', 'Blitzcrank']"
Kayn,Dark_Harvest,"['Jayce', 'Kayn', 'Akali', 'Varus', 'Pyke']","['Gangplank', 'Evelynn', 'Sylas', 'Zeri', 'Karma']"
Ekko,Dark_Harvest,"['Malphite', 'Ekko', 'Zed', 'Jhin', 'Karma']","['Camille', 'Jarvan IV', 'Nautilus', 'Ezreal', 'Heimerdinger']"
Kayn,Dark_Harvest,"['Pantheon', 'Kayn', 'Ziggs', 'Ezreal', 'Rakan']","['Yone', ""Kha'Zix"", 'Anivia', 'Twitch', 'Amumu']"
Caitlyn,Unknown_rune,"['Jayce', 'Hecarim', 'Veigar', 'Caitlyn', 'Xerath']","['Sion', 'Xin Zhao', 'Anivia', ""Kai'Sa"", 'Thresh']"
Kayn,Dark_Harvest,"['Yorick', 'Kayn', 'Neeko', ""Kai'Sa"", 'Blitzcrank']","['Malphite', 'Fiddlesticks', 'Syndra', 'Caitlyn', 'Thresh']"
Kayn,Dark_Harvest,"['Riven', 'Kayn', 'Anivia', 'Twitch', 'Taric']","['Poppy', 'Rengar', 'Lux', 'Tristana', 'Maokai']"
Kayn,Dark_Harvest,"['Renekton', 'Kayn', 'Malzahar', 'Jhin', 'Senna']","['Fiora', ""Bel'Veth"", 'Lucian', 'Swain', 'Lux']"
Kayn,Dark_Harvest,"[""Cho'Gath"", 'Kayn', 'Veigar', 'Kalista', 'Taric']","['Rengar', 'Hecarim', 'Fizz', ""Kai'Sa"", 'Rell']"
Kayn,Dark_Harvest,"['Quinn', 'Kayn', 'Syndra', ""Kai'Sa"", 'Thresh']","['Vladimir', 'Jarvan IV', 'Aurelion Sol', 'Kalista', 'Taric']"
Kayn,Dark_Harvest,"['Tahm Kench', 'Kayn', 'Ahri', ""Kai'Sa"", 'Pyke']","['Lee Sin', 'Graves', 'Neeko', 'Zeri', 'Soraka']"
Kayn,Dark_Harvest,"['Camille', 'Kayn', 'Akali', 'Wukong', 'Senna']","['Volibear', 'Elise', 'Darius', 'Draven', 'Thresh']"
Kayn,Dark_Harvest,"['Camille', 'Kayn', 'LeBlanc', 'Aphelios', 'Rakan']","['Fiora', 'Lee Sin', 'Veigar', 'Twitch', 'Shaco']"
Kayn,Dark_Harvest,"['Darius', 'Kayn', 'Akali', ""Kai'Sa"", 'Nautilus']","['Camille', 'Nocturne', 'Cassiopeia', 'Zeri', 'Lulu']"
Hecarim,Conqueror,"['Sion', 'Hecarim', 'Akali', 'Ezreal', 'Seraphine']","['Rengar', ""Kha'Zix"", 'Irelia', 'Swain', 'Zyra']"
Ekko,Dark_Harvest,"['Yone', 'Ekko', 'Akali', 'Draven', 'Thresh']","['Rengar', ""Kha'Zix"", 'Galio', 'Samira', 'Caitlyn']"
Kayn,Dark_Harvest,"['Yorick', 'Kayn', 'Vladimir', 'Varus', 'Jhin']","['Darius', 'Udyr', 'Katarina', 'Ezreal', 'Karma']"
Ekko,Dark_Harvest,"['Yone', 'Ekko', 'Kled', 'Kalista', 'Sett']","['Aatrox', 'Hecarim', 'Aurelion Sol', 'Draven', 'Thresh']"
Nidalee,Dark_Harvest,"['Renekton', 'Nidalee', 'Zoe', 'Lucian', 'Lulu']","['Olaf', 'Lee Sin', 'Vladimir', 'Xayah', 'Lux']"
Kayn,Dark_Harvest,"['Garen', 'Kayn', 'Sylas', 'Karthus', 'Yuumi']","['Camille', 'Fiddlesticks', 'Vladimir', 'Jhin', 'Karma']"
Nidalee,Dark_Harvest,"['Tryndamere', 'Nidalee', 'Anivia', 'Sivir', 'Pyke']","['Sejuani', 'Sylas', 'Talon', 'Ziggs', 'Karma']"
Kayn,Dark_Harvest,"['Malphite', 'Kayn', 'Swain', ""Kog'Maw"", 'Lulu']","['Jayce', 'Maokai', 'Talon', 'Jhin', 'Leona']"
Ekko,Dark_Harvest,"['Jax', 'Ekko', 'Garen', 'Draven', 'Alistar']","['Gragas', 'Kayn', 'Veigar', 'Jhin', 'Rakan']"
Kayn,Dark_Harvest,"['Vayne', 'Kayn', 'Alistar', 'Twitch', 'Lulu']","['Sion', 'Karthus', 'Ziggs', 'Jhin', 'Senna']"
Ekko,Dark_Harvest,"['Veigar', 'Ekko', 'Akshan', 'Xayah', 'Heimerdinger']","['Vladimir', 'Viego', 'Gangplank', 'Jhin', 'Rakan']"
Ekko,Dark_Harvest,"['Malphite', 'Ekko', 'Kled', ""Kai'Sa"", 'Thresh']","['Illaoi', 'Udyr', 'Anivia', 'Jhin', 'Shaco']"
Ekko,Dark_Harvest,"['Vladimir', 'Ekko', 'Zed', 'Xayah', 'Rakan']","['Gangplank', 'Udyr', 'Lux', 'Sivir', 'Veigar']"
Kayn,Dark_Harvest,"['Yorick', 'Kayn', 'Zed', 'Veigar', 'Sona']","['Kayle', 'Hecarim', 'Gangplank', 'Jinx', 'Nautilus']"
Kayn,Dark_Harvest,"['Illaoi', 'Kayn', 'Galio', 'Jinx', 'Nautilus']","['Fiora', 'Rengar', 'Xerath', 'Xayah', 'Rakan']"
Ekko,Dark_Harvest,"['Camille', 'Ekko', 'Lissandra', 'Jhin', 'Leona']","['Renekton', 'Karthus', 'Kassadin', ""Kai'Sa"", 'Nautilus']"
Kayn,Dark_Harvest,"['Camille', 'Kayn', 'Katarina', 'Sivir', 'Blitzcrank']","['Irelia', 'Zac', 'Malzahar', 'Tristana', 'Zilean']"
Jarvan IV,Conqueror,"['Gnar', 'Jarvan IV', 'Qiyana', 'Ziggs', 'Renata Glasc']","['Warwick', 'Graves', 'Akali', 'Caitlyn', 'Thresh']"
Karthus,Dark_Harvest,"['Warwick', 'Karthus', 'Rumble', 'Caitlyn', 'Lulu']","['Gangplank', 'Shaco', 'Talon', 'Varus', 'Ashe']"
Kayn,Dark_Harvest,"['Jayce', 'Kayn', 'Ahri', 'Ezreal', 'Ashe']","['Nasus', 'Lee Sin', 'Karma', 'Varus', 'Xerath']"
Kayn,Dark_Harvest,"['Jax', 'Kayn', 'Talon', 'Ezreal', 'Xerath']","['Shen', 'Vi', 'Anivia', 'Xayah', 'Karma']"
Ekko,Dark_Harvest,"['Mordekaiser', 'Ekko', 'Talon', ""Kai'Sa"", 'Braum']","[""Cho'Gath"", 'Jarvan IV', 'Veigar', 'Jhin', 'Ashe']"
Kayn,Dark_Harvest,"['Gangplank', 'Kayn', 'Lissandra', 'Yasuo', 'Nautilus']","['Olaf', 'Jarvan IV', 'Ryze', 'Miss Fortune', 'Bard']"
Kayn,Dark_Harvest,"['Camille', 'Kayn', 'Sylas', 'Xayah', 'Nidalee']","['Irelia', 'Evelynn', 'Akshan', 'Varus', 'Thresh']"
Kayn,Dark_Harvest,"['Sylas', 'Kayn', 'Akshan', 'Xayah', 'Rell']","['Shen', 'Master Yi', 'Gragas', ""Kai'Sa"", 'Soraka']"
Jarvan IV,Dark_Harvest,"['Alistar', 'Jarvan IV', 'Aurelion Sol', 'Jinx', 'Morgana']","['Darius', 'Warwick', 'Tristana', 'Caitlyn', 'Karma']"
Kayn,Dark_Harvest,"['Darius', 'Kayn', 'Rumble', 'Jhin', 'Zyra']","['Yorick', 'Shaco', ""Vel'Koz"", 'Ezreal', 'Thresh']"
Kayn,Dark_Harvest,"['Urgot', 'Kayn', 'Taliyah', 'Ezreal', 'Ashe']","['Quinn', 'Sylas', 'Veigar', ""Kai'Sa"", 'Soraka']"
Kayn,Dark_Harvest,"['Nasus', 'Kayn', 'Galio', ""Kai'Sa"", 'Zyra']","['Fiora', 'Nidalee', 'Yone', 'Vayne', 'Blitzcrank']"
Ekko,Dark_Harvest,"['Gangplank', 'Ekko', 'Kassadin', 'Varus', 'Nautilus']","['Urgot', 'Hecarim', 'Sylas', ""Kai'Sa"", 'Blitzcrank']"
Kayn,Dark_Harvest,"['Urgot', 'Kayn', 'Rumble', 'Ziggs', 'Thresh']","['Sett', 'Jarvan IV', 'Tristana', 'Xayah', 'Lux']"
Kayn,Dark_Harvest,"['Sion', 'Kayn', 'Aurelion Sol', 'Morgana', 'Ashe']","['Nasus', 'Lee Sin', 'Singed', 'Seraphine', 'Karma']"
Kayn,Dark_Harvest,"['Yorick', 'Kayn', 'Zoe', 'Seraphine', 'Shen']","['Illaoi', 'Wukong', 'Ekko', 'Varus', 'Cassiopeia']"
Karthus,Dark_Harvest,"['Mordekaiser', 'Karthus', 'Talon', 'Tristana', 'Pyke']","['Riven', 'Hecarim', 'Aurelion Sol', 'Lucian', 'Maokai']"
Kayn,Dark_Harvest,"['Sion', 'Kayn', 'Viktor', ""Kai'Sa"", 'Veigar']","['Jax', 'Taliyah', 'Annie', 'Lucian', 'Nami']"
Kayn,Dark_Harvest,"['Renekton', 'Kayn', 'Orianna', 'Jinx', 'Zac']","['Nasus', 'Lee Sin', 'Gragas', ""Kai'Sa"", 'Ashe']"
Kayn,Dark_Harvest,"['Aatrox', 'Kayn', 'Singed', ""Kai'Sa"", 'Nautilus']","['Dr. Mundo', 'Taliyah', 'Annie', 'Xayah', 'Taric']"
Kayn,Dark_Harvest,"['Malphite', 'Kayn', 'Sylas', 'Samira', 'Pyke']","['Tryndamere', 'Rammus', 'Aurelion Sol', 'Varus', 'Alistar']"
Kayn,Dark_Harvest,"['Skarner', 'Kayn', 'Galio', 'Jhin', 'Zyra']","['Dr. Mundo', 'Maokai', 'Swain', ""Kog'Maw"", 'Zilean']"
Kayn,Dark_Harvest,"['Jax', 'Kayn', 'Ryze', 'Ezreal', 'Yuumi']","['Singed', 'Jarvan IV', 'Galio', 'Miss Fortune', 'Karma']"
Kayn,Dark_Harvest,"['Dr. Mundo', 'Kayn', 'Vex', 'Jhin', 'Ashe']","['Darius', 'Sejuani', 'Annie', 'Caitlyn', 'Thresh']"
Karthus,Dark_Harvest,"['Malphite', 'Karthus', 'Zed', 'Ezreal', 'Ashe']","['Warwick', 'Elise', 'Diana', 'Caitlyn', 'Soraka']"
Ekko,Dark_Harvest,"['Ornn', 'Ekko', 'Jayce', 'Caitlyn', 'Blitzcrank']","['Thresh', 'Jarvan IV', 'Annie', 'Draven', 'Morgana']"
Kayn,Dark_Harvest,"['Singed', 'Kayn', 'Vex', 'Jhin', 'Karma']","['Jax', 'Lee Sin', 'Aurelion Sol', 'Ezreal', 'Zilean']"
Ekko,Dark_Harvest,"['Jayce', 'Ekko', 'Pantheon', 'Jhin', 'Karma']","['Tahm Kench', ""Bel'Veth"", 'Sylas', 'Varus', 'Braum']"
Kayn,Dark_Harvest,"['Kled', 'Kayn', 'Viktor', 'Xayah', 'Morgana']","['Gangplank', 'Ekko', 'Zed', ""Kai'Sa"", 'Blitzcrank']"
Ekko,Dark_Harvest,"['Urgot', 'Ekko', 'Sion', 'Caitlyn', 'Ashe']","['Dr. Mundo', 'Viego', 'Twisted Fate', 'Jhin', 'Pyke']"
Kayn,Dark_Harvest,"['Urgot', 'Kayn', 'Anivia', 'Caitlyn', 'Amumu']","['Renekton', ""Bel'Veth"", 'Sion', 'Ezreal', 'Rengar']"
Kayn,Dark_Harvest,"['Jax', 'Kayn', 'Morgana', 'Twitch', 'Lulu']","['Fiora', 'Master Yi', 'Annie', 'Miss Fortune', 'Seraphine']"
Kayn,First_Strike,"['Gragas', 'Kayn', 'Veigar', 'Varus', 'Ashe']","['Jayce', 'Sejuani', 'Twitch', 'Jhin', 'Xerath']"
Kayn,Conqueror,"['Riven', 'Kayn', 'Twisted Fate', 'Ezreal', 'Caitlyn']","['Malphite', 'Hecarim', 'Ryze', 'Jhin', 'Thresh']"
Kayn,First_Strike,"['Renekton', 'Kayn', 'Ekko', 'Varus', 'Karma']","['Jax', 'Nidalee', 'Zed', 'Caitlyn', 'Jhin']"
Kayn,Conqueror,"['Camille', 'Kayn', 'Malphite', 'Ezreal', 'Lux']","['Sylas', 'Gragas', 'Yone', 'Zeri', 'Lulu']"
Kayn,Conqueror,"['Jax', 'Kayn', 'Zoe', ""Kai'Sa"", 'Rakan']","['Malphite', 'Viego', 'LeBlanc', 'Ezreal', 'Jhin']"
Kayn,First_Strike,"['Fiora', 'Kayn', 'Gragas', 'Jhin', 'Janna']","['Sion', ""Bel'Veth"", 'LeBlanc', 'Ezreal', 'Pantheon']"
Kayn,First_Strike,"['Udyr', 'Kayn', 'Lissandra', 'Jinx', 'Soraka']","['Riven', 'Lillia', 'Viktor', ""Bel'Veth"", 'Pantheon']"
Kayn,First_Strike,"['Darius', 'Kayn', 'Taliyah', 'Jhin', 'Karma']","['Aatrox', 'Gragas', 'Zoe', 'Tristana', 'Sylas']"
Kayn,First_Strike,"['Sejuani', 'Kayn', 'Xerath', 'Varus', 'Karma']","['Jayce', 'Volibear', 'Taliyah', 'Zeri', 'Twitch']"
Kayn,First_Strike,"['Zac', 'Kayn', ""Vel'Koz"", 'Draven', 'Caitlyn']","['Lee Sin', 'Sejuani', 'Viktor', ""Kai'Sa"", 'Twitch']"
Wukong,Conqueror,"['Renekton', 'Wukong', 'Taliyah', 'Varus', 'Sylas']","['Camille', ""Kha'Zix"", 'Syndra', 'Xayah', 'Lulu']"
Kayn,Conqueror,"['Ornn', 'Kayn', 'Jinx', 'Xayah', 'Caitlyn']","['Yorick', 'Lee Sin', 'Zoe', 'Tristana', 'Alistar']"
Kayn,First_Strike,"['Camille', 'Kayn', 'Akali', 'Graves', 'Blitzcrank']","['Yone', 'Karthus', 'Sylas', ""Kai'Sa"", 'Nautilus']"
Caitlyn,Unknown_rune,"['Sett', ""Kha'Zix"", 'Azir', 'Caitlyn', 'Morgana']","['Fiora', 'Vi', 'Sylas', 'Jhin', 'Xerath']"
Taliyah,Dark_Harvest,"['Lee Sin', 'Taliyah', 'Ryze', 'Ezreal', 'Blitzcrank']","['Irelia', 'Sylas', 'Swain', ""Kai'Sa"", 'Yuumi']"
Kayn,First_Strike,"[""Cho'Gath"", 'Kayn', 'Ahri', 'Twitch', 'Morgana']","['Gragas', 'Graves', 'Sylas', ""Kai'Sa"", 'Nautilus']"
Kayn,First_Strike,"['Kennen', 'Kayn', 'Vi', 'Kalista', 'Pyke']","['Yasuo', 'Gragas', 'Zoe', 'Zeri', 'Rell']"
Kayn,Conqueror,"['Renekton', 'Kayn', 'Xerath', 'Xayah', 'Thresh']","['Kled', 'Lee Sin', 'Ryze', 'Ezreal', 'Senna']"
Kayn,First_Strike,"['Gangplank', 'Kayn', 'Zilean', 'Ezreal', 'Bard']","['Sion', 'Nidalee', 'Aurelion Sol', 'Lucian', 'Nami']"
Viktor,First_Strike,"['Jayce', 'Gragas', 'Viktor', 'Draven', 'Miss Fortune']","['Camille', 'Wukong', 'Kassadin', 'Sivir', 'Yuumi']"
Wukong,Conqueror,"['Gnar', 'Wukong', 'Olaf', 'Samira', 'Nautilus']","['Riven', 'Sylas', 'Jayce', ""Kai'Sa"", 'Alistar']"
Kayn,First_Strike,"['Pantheon', 'Kayn', 'Akali', 'Samira', 'Nautilus']","['Gwen', 'Evelynn', 'Zeri', 'Ezreal', 'Lulu']"
Kayn,Conqueror,"['Olaf', 'Kayn', 'Annie', 'Caitlyn', 'Lux']","['Ornn', 'Vi', 'Azir', 'Samira', 'Thresh']"
Wukong,Conqueror,"[""K'Sante"", 'Wukong', 'Akali', 'Aphelios', 'Thresh']","['Olaf', 'Diana', 'Renekton', 'Samira', 'Nautilus']"
Wukong,Conqueror,"['Kled', 'Wukong', 'Syndra', 'Samira', 'Nautilus']","['Camille', 'Gragas', 'Jayce', ""Kai'Sa"", 'Alistar']"
Kayn,Conqueror,"['Gnar', 'Kayn', 'Viktor', 'Xayah', 'Thresh']","['Irelia', 'Sylas', 'Renekton', ""Kai'Sa"", 'Nautilus']"
Nocturne,Unknown_rune,"['Fiora', 'Nocturne', 'Sejuani', 'Jinx', 'Heimerdinger']","['Yone', 'Gragas', 'Jayce', 'Lucian', 'Nami']"
Kayn,First_Strike,"['Camille', 'Kayn', 'Gragas', 'Tristana', 'Annie']","['Sett', 'Graves', 'Ziggs', 'Jhin', 'Yuumi']"
Kayn,First_Strike,"['Malphite', 'Kayn', 'Vex', 'Caitlyn', 'Lux']","['Rumble', 'Sejuani', 'Swain', ""Kai'Sa"", 'Soraka']"
Kayn,Conqueror,"[""Cho'Gath"", 'Kayn', 'Diana', 'Samira', 'Leona']","['Rammus', 'Nidalee', 'Seraphine', 'Zeri', 'Nautilus']"
Kayn,Conqueror,"['Irelia', 'Kayn', 'Ryze', 'Xayah', 'Braum']","['Jayce', 'Rammus', 'Sylas', 'Zeri', 'Blitzcrank']"
Kayn,First_Strike,"['Jax', 'Kayn', 'Galio', 'Vayne', 'Yuumi']","['Maokai', 'Wukong', 'Ryze', 'Zeri', 'Lulu']"
Kayn,First_Strike,"['Renekton', 'Kayn', 'Akali', 'Jinx', 'Braum']","['Camille', 'Graves', 'Ryze', ""Kai'Sa"", 'Nautilus']"
Jarvan IV,Conqueror,"['Jarvan IV', 'Vi', 'Akali', 'Sivir', 'Alistar']","['Lee Sin', 'Sylas', 'Aurelion Sol', 'Samira', 'Blitzcrank']"
Viktor,First_Strike,"['Jax', 'Wukong', 'Viktor', ""Kai'Sa"", ""Vel'Koz""]","['Renekton', 'Taliyah', 'Aurelion Sol', 'Varus', 'Ashe']"
Kayn,First_Strike,"['Akali', 'Kayn', 'Irelia', 'Nilah', 'Lulu']","['Mordekaiser', 'Graves', 'Sylas', 'Zeri', 'Karma']"
Kayn,First_Strike,"['Ornn', 'Kayn', 'Ziggs', ""Kai'Sa"", 'Kalista']","['Camille', 'Graves', 'Sylas', 'Lucian', 'Nami']"
Kayn,Conqueror,"['Jax', 'Kayn', 'Sylas', 'Xayah', 'Karma']","['Gragas', 'Lee Sin', 'Vladimir', ""Kai'Sa"", 'Nautilus']"
Kayn,First_Strike,"['Ornn', 'Kayn', 'Ryze', 'Kalista', 'Leona']","['Jax', 'Gragas', 'Qiyana', ""Kai'Sa"", 'Morgana']"
Kayn,First_Strike,"['Jax', 'Kayn', 'Sylas', ""Kai'Sa"", 'Pyke']","['Rengar', 'Lee Sin', 'Viktor', 'Lucian', 'Sona']"
Yuumi,Unknown_rune,"['Jax', 'Lee Sin', 'Ahri', 'Ezreal', 'Yuumi']","['Gangplank', 'Graves', 'Viktor', ""Kai'Sa"", 'Anivia']"
Kayn,First_Strike,"['Jax', 'Kayn', 'Aurelion Sol', 'Lucian', 'Nami']","['Rengar', 'Lee Sin', 'Katarina', 'Caitlyn', 'Lux']"
Kayn,First_Strike,"['Kennen', 'Kayn', 'Irelia', 'Draven', 'Nautilus']","['Pyke', 'Lee Sin', 'Cassiopeia', 'Xayah', 'Anivia']"
Wukong,Conqueror,"['Nasus', 'Wukong', 'Akali', 'Zeri', 'Nautilus']","['Jax', 'Nocturne', 'Katarina', 'Twitch', 'Lulu']"
Kayn,First_Strike,"['Tahm Kench', 'Kayn', 'Aurelion Sol', 'Xayah', 'Ashe']","['Fiora', 'Ekko', 'Orianna', 'Sivir', 'Tristana']"
Kayn,Conqueror,"['Sett', 'Kayn', 'Viktor', ""Kai'Sa"", 'Thresh']","['Irelia', 'Jarvan IV', 'Aurelion Sol', 'Samira', 'Rell']"
Yuumi,Unknown_rune,"['Fiora', 'Lee Sin', 'Syndra', 'Zeri', 'Yuumi']","['Sion', 'Gragas', 'Tristana', 'Varus', 'Karma']"
Kayn,First_Strike,"['Poppy', 'Kayn', 'Ahri', 'Jinx', 'Syndra']","['Renekton', 'Lee Sin', 'Ryze', ""Kai'Sa"", 'Lux']"
Kayn,First_Strike,"['Sylas', 'Kayn', 'Jayce', 'Caitlyn', 'Ashe']","['Kalista', 'Lee Sin', 'Gragas', 'Lucian', 'Nami']"
Kayn,Conqueror,"['Sion', 'Kayn', 'Gragas', 'Varus', 'Ashe']","['Renekton', 'Hecarim', 'Syndra', 'Draven', 'Jax']"
Kayn,Conqueror,"['Jax', 'Kayn', 'Annie', ""Kai'Sa"", 'Nautilus']","['Malphite', 'Hecarim', 'Ryze', 'Tristana', 'Pyke']"
Kayn,First_Strike,"['Jayce', 'Kayn', 'Renekton', ""Kai'Sa"", 'Thresh']","['Yone', 'Shaco', 'Kassadin', 'Varus', 'Sona']"
Kayn,First_Strike,"['Camille', 'Kayn', 'Sylas', 'Sivir', 'Veigar']","['Singed', 'Lee Sin', 'Annie', 'Caitlyn', 'Blitzcrank']"
Kayn,First_Strike,"['Akali', 'Kayn', 'Zoe', 'Varus', 'Ashe']","[""K'Sante"", 'Elise', 'Kalista', ""Kai'Sa"", 'Brand']"
Kayn,Conqueror,"['Graves', 'Kayn', 'Yone', 'Taliyah', 'Pantheon']","[""K'Sante"", 'Lee Sin', 'Syndra', 'Draven', 'Thresh']"
Kayn,Conqueror,"['Mordekaiser', 'Kayn', 'Graves', 'Jhin', 'Brand']","[""K'Sante"", 'Xin Zhao', 'Ryze', 'Samira', 'Sett']"
Kayn,Conqueror,"['Jax', 'Kayn', 'Akali', 'Xayah', 'Karma']","['Sett', 'Jarvan IV', 'Sylas', 'Jinx', 'Nautilus']"
Kayn,First_Strike,"['Jax', 'Kayn', 'Ahri', 'Lucian', 'Nami']","['Darius', 'Wukong', 'Zoe', 'Caitlyn', 'Lux']"
Kayn,First_Strike,"['Fiora', 'Kayn', 'Nasus', 'Zeri', 'Senna']","['Renekton', 'Viego', 'Zoe', 'Caitlyn', 'Ashe']"
Kayn,Conqueror,"['Akshan', 'Kayn', 'Vex', 'Samira', 'Zac']","['Renekton', 'Wukong', 'Sylas', 'Ezreal', 'Alistar']"
Kayn,First_Strike,"['Jax', 'Kayn', 'Gragas', 'Draven', 'Ashe']","['Olaf', 'Diana', 'Zoe', 'Zeri', 'Varus']"
Kayn,Conqueror,"['Lucian', 'Kayn', 'Viktor', ""Kai'Sa"", 'Soraka']","['Renekton', 'Lee Sin', 'Malzahar', 'Jinx', 'Nami']"
Kayn,First_Strike,"['Darius', 'Kayn', 'Aurelion Sol', 'Sivir', 'Yuumi']","[""K'Sante"", 'Diana', 'Talon', 'Caitlyn', 'Pyke']"
Kayn,First_Strike,"['Gangplank', 'Kayn', 'Aurelion Sol', ""Kai'Sa"", 'Rakan']","['Aatrox', 'Ekko', 'Zac', 'Draven', 'Morgana']"
Kayn,First_Strike,"['Olaf', 'Kayn', 'Sylas', 'Ezreal', 'Nami']","[""K'Sante"", ""Kha'Zix"", ""Vel'Koz"", 'Caitlyn', 'Taliyah']"
Kayn,First_Strike,"['Darius', 'Kayn', ""Cho'Gath"", ""Kai'Sa"", 'Nautilus']","['Jayce', 'Lee Sin', 'Ryze', 'Varus', 'Ashe']"
Kayn,First_Strike,"['Jayce', 'Kayn', ""Cho'Gath"", 'Brand', 'Caitlyn']","['Jax', 'Elise', 'Lucian', 'Jhin', 'Xerath']"
Kayn,First_Strike,"['Darius', 'Kayn', 'Yasuo', 'Kalista', 'Nami']","['Jayce', 'Elise', 'Zed', 'Xayah', 'Karma']"
Kayn,First_Strike,"['Akshan', 'Kayn', 'Orianna', 'Ezreal', 'Karma']","['Riven', 'Diana', 'Annie', 'Samira', 'Blitzcrank']"
Malphite,Unknown_rune,"['Malphite', 'Kayn', 'Taliyah', 'Lucian', 'Nami']","['Renekton', ""Kha'Zix"", 'Sylas', 'Ezreal', 'Thresh']"
Kayn,Conqueror,"['Zac', 'Kayn', 'Sylas', 'Ezreal', 'Maokai']","[""K'Sante"", 'Nidalee', 'Akshan', 'Draven', 'Alistar']"
Kayn,Conqueror,"['Akshan', 'Kayn', 'Vladimir', 'Varus', 'Soraka']","['Fiora', 'Lee Sin', 'Ahri', ""Kai'Sa"", 'LeBlanc']"
Kayn,First_Strike,"['Jax', 'Kayn', 'Zoe', 'Ezreal', 'Morgana']","['Irelia', 'Lee Sin', 'Vex', 'Jhin', 'Yuumi']"
Wukong,Conqueror,"['Gangplank', 'Wukong', 'Viktor', 'Ezreal', 'Lux']","['Kled', 'Kayn', 'Alistar', 'Jinx', 'Nautilus']"
Ezreal,Unknown_rune,"['Shen', 'Zac', 'Viktor', 'Ezreal', 'Yuumi']","['Darius', 'Gragas', 'Zed', 'Jhin', 'Zilean']"
Kayn,First_Strike,"['Jayce', 'Kayn', 'LeBlanc', 'Lucian', 'Annie']","['Renekton', 'Lee Sin', 'Ahri', ""Kai'Sa"", 'Bard']"
Wukong,Conqueror,"['Rumble', 'Wukong', 'Sylas', 'Jinx', 'Yuumi']","['Sion', 'Gragas', 'Twisted Fate', 'Ezreal', 'Ashe']"
Kayn,Conqueror,"['Gnar', 'Kayn', 'Viktor', 'Jinx', 'Karma']","[""K'Sante"", 'Graves', 'Irelia', ""Kai'Sa"", 'Yuumi']"
Kayn,First_Strike,"['Jax', 'Kayn', 'Kassadin', 'Caitlyn', 'Karma']","['Camille', 'Elise', 'Ahri', ""Kai'Sa"", 'Seraphine']"
Lucian,First_Strike,"['Fiora', 'Zed', 'Azir', 'Lucian', 'Lulu']","['Illaoi', 'Wukong', 'Zoe', 'Draven', 'Nami']"
Kayn,First_Strike,"['Fiora', 'Kayn', 'Galio', 'Caitlyn', 'Senna']","['Jayce', 'Hecarim', 'Sylas', 'Jinx', 'Ashe']"
Kayn,First_Strike,"['Teemo', 'Kayn', 'Vex', 'Zeri', 'Nautilus']","['Tahm Kench', 'Gragas', 'Veigar', 'Ezreal', 'Sona']"
Kayn,Conqueror,"['Teemo', 'Kayn', 'Graves', 'Lucian', 'Nami']","['Olaf', 'Viego', 'Annie', 'Ezreal', 'Jarvan IV']"
Kayn,First_Strike,"['Akshan', 'Kayn', 'Zoe', 'Varus', 'Ashe']","['Singed', 'Elise', 'Kalista', 'Ezreal', 'Yuumi']"
Kha'Zix,First_Strike,"['Jax', ""Kha'Zix"", 'Karthus', ""Kai'Sa"", 'Nautilus']","['Renekton', 'Wukong', 'LeBlanc', 'Varus', 'Soraka']"
Kayn,Conqueror,"['Aatrox', 'Kayn', 'Yone', 'Tristana', 'Leona']","['Yasuo', 'Sylas', 'Irelia', 'Xayah', 'Sona']"
Kayn,First_Strike,"['Jax', 'Kayn', 'Yasuo', 'Aphelios', 'Nautilus']","['Jayce', 'Nidalee', 'Annie', 'Caitlyn', 'Alistar']"
Kayn,Conqueror,"['Jax', 'Kayn', 'Ahri', ""Kai'Sa"", 'Pyke']","['Malphite', 'Taliyah', 'Irelia', 'Xayah', 'Karma']"
Kayn,Conqueror,"['Jax', 'Kayn', 'Galio', 'Samira', 'Alistar']","['Sion', 'Rengar', 'Aatrox', 'Ezreal', 'Rakan']"
Kayn,Conqueror,"[""K'Sante"", 'Kayn', 'Nasus', 'Draven', 'Ashe']","['Gragas', 'Evelynn', 'Sion', ""Kai'Sa"", 'Pyke']"
Jayce,Unknown_rune,"['Darius', 'Evelynn', 'Jayce', ""Kai'Sa"", 'Lux']","['Kayle', 'Lee Sin', 'Nasus', 'Draven', 'Pyke']"
Kayn,Conqueror,"['Gangplank', 'Kayn', 'Katarina', 'Tristana', 'Pyke']","['Renekton', 'Jarvan IV', 'Annie', 'Kalista', 'Rell']"
Hecarim,Conqueror,"['Gangplank', 'Hecarim', 'Aurelion Sol', 'Varus', 'Heimerdinger']","['Renekton', 'Elise', 'Kassadin', ""Kai'Sa"", 'Pyke']"
Kayn,Conqueror,"['Zac', 'Kayn', 'Aurelion Sol', 'Lucian', 'Pantheon']","['Kled', 'Viego', 'Sylas', ""Kai'Sa"", 'Caitlyn']"
Kayn,Conqueror,"['Sylas', 'Kayn', 'Qiyana', 'Varus', 'Lux']","['Poppy', 'Wukong', 'Akali', 'Ezreal', 'Maokai']"
Wukong,Conqueror,"['Zac', 'Wukong', 'Kassadin', 'Zeri', 'Thresh']","['Poppy', 'Evelynn', 'Irelia', ""Kai'Sa"", 'Pyke']"
Wukong,Conqueror,"['Gangplank', 'Wukong', 'Zoe', 'Xayah', 'Ashe']","['Poppy', ""Kha'Zix"", 'Tristana', ""Kai'Sa"", 'Soraka']"
Wukong,Conqueror,"[""Cho'Gath"", 'Wukong', 'Annie', 'Caitlyn', 'Ashe']","['Renekton', 'Sejuani', 'Lissandra', ""Kai'Sa"", 'Soraka']"
Kayn,Conqueror,"[""Cho'Gath"", 'Kayn', 'Viktor', 'Draven', 'Nautilus']","['Irelia', 'Lee Sin', 'Zoe', 'Vayne', 'Soraka']"
Kayn,First_Strike,"['Renekton', 'Kayn', 'Zoe', ""Kai'Sa"", 'Soraka']","['Jayce', 'Gragas', 'Talon', 'Jhin', 'Heimerdinger']"
Kha'Zix,First_Strike,"['Sett', ""Kha'Zix"", 'Katarina', 'Lucian', 'Nami']","['Renekton', 'Gragas', 'Graves', 'Zeri', 'Soraka']"
Caitlyn,Unknown_rune,"['Sett', 'Lee Sin', 'Syndra', 'Caitlyn', 'Lux']","['Renekton', 'Graves', 'Annie', ""Kai'Sa"", 'Ashe']"
Kayn,Conqueror,"['Mordekaiser', 'Kayn', 'Sylas', 'Jinx', 'Lulu']","['Darius', 'Master Yi', 'Syndra', 'Ezreal', 'Yuumi']"
Kayn,Conqueror,"['Darius', 'Kayn', 'Annie', 'Ezreal', 'Sona']","['Singed', 'Sylas', 'Irelia', 'Caitlyn', 'Lux']"
Kayn,Conqueror,"['Lee Sin', 'Kayn', 'Kassadin', 'Zeri', 'Bard']","['Olaf', 'Sylas', 'Aurelion Sol', ""Kai'Sa"", 'Annie']"
Kayn,First_Strike,"['Jax', 'Kayn', 'Azir', 'Varus', 'Zyra']","['Riven', 'Ekko', 'Caitlyn', 'Ezreal', 'Brand']"
Kayn,Conqueror,"['Urgot', 'Kayn', 'Aurelion Sol', ""Kai'Sa"", 'Senna']","['Darius', 'Gragas', 'Lee Sin', 'Xayah', 'Yuumi']"
Kayn,Conqueror,"['Lee Sin', 'Kayn', 'Viktor', 'Lucian', 'Nami']","[""K'Sante"", 'Rengar', 'Anivia', 'Ezreal', 'Karma']"
Viego,Conqueror,"['Singed', 'Viego', 'Annie', 'Lucian', 'Nami']","['Jax', 'Kayn', ""Cho'Gath"", 'Draven', 'Pyke']"
Wukong,Conqueror,"['Gangplank', 'Wukong', 'Sylas', 'Ezreal', 'Yuumi']","['Gragas', 'Kayn', 'Syndra', ""Kai'Sa"", 'Soraka']"
Kayn,Conqueror,"['Jayce', 'Kayn', 'Azir', 'Zeri', 'Morgana']","['Rumble', 'Udyr', 'Lucian', 'Draven', 'Nautilus']"
Kayn,First_Strike,"[""K'Sante"", 'Kayn', ""Kai'Sa"", 'Zeri', 'Brand']","['Renekton', 'Lee Sin', 'Jayce', 'Jinx', 'Karma']"
Kayn,First_Strike,"['Jax', 'Kayn', 'Annie', 'Ezreal', 'Karma']","['Zilean', 'Lee Sin', 'Katarina', 'Caitlyn', 'Lux']"
Kayn,Conqueror,"['Renekton', 'Kayn', 'Twisted Fate', ""Kai'Sa"", 'Sett']","['Kled', 'Gragas', 'Jarvan IV', 'Samira', 'Nautilus']"
Kayn,Conqueror,"['Kled', 'Kayn', 'Akali', 'Lucian', 'Nami']","['Irelia', 'Lee Sin', 'Malzahar', 'Jhin', 'Neeko']"
Kayn,Conqueror,"['Sion', 'Kayn', 'Gwen', ""Kai'Sa"", 'Blitzcrank']","['Yasuo', 'Sejuani', 'Sylas', 'Kalista', 'Leona']"
Wukong,Conqueror,"['Camille', 'Wukong', 'Akali', 'Vayne', 'Nautilus']","['Singed', ""Bel'Veth"", 'Irelia', ""Kai'Sa"", 'Xerath']"
Kayn,Conqueror,"['Rumble', 'Kayn', 'Zed', 'Jhin', 'Miss Fortune']","['Renekton', 'Diana', 'Sylas', 'Ezreal', 'Lux']"
Viktor,First_Strike,"['Gwen', 'Kayn', 'Viktor', 'Jhin', 'Alistar']","['Sion', 'Nunu & Willump', 'Ryze', ""Kai'Sa"", 'Nautilus']"
Kayn,First_Strike,"['Darius', 'Kayn', 'Akali', 'Varus', 'Karma']","['Fiora', 'Gragas', 'Ezreal', 'Caitlyn', 'Nami']"
Kayn,First_Strike,"['Gangplank', 'Kayn', 'Akshan', 'Jhin', 'Soraka']","['Warwick', 'Lee Sin', 'Aurelion Sol', 'Lucian', 'Nami']"
Kayn,First_Strike,"['Zac', 'Kayn', 'Jayce', ""Kai'Sa"", 'Yuumi']","['Fiora', 'Graves', 'Sylas', 'Varus', 'Karma']"
Kayn,Conqueror,"['Fiora', 'Kayn', 'Sylas', ""Kai'Sa"", 'Soraka']","['Urgot', 'Diana', 'Galio', 'Caitlyn', 'Heimerdinger']"
Karthus,Dark_Harvest,"['Yasuo', 'Karthus', 'Ryze', 'Sivir', 'Taliyah']","['Gnar', 'Lee Sin', 'Sylas', 'Aphelios', 'Thresh']"
Kayn,First_Strike,"['Riven', 'Kayn', 'Viktor', 'Tristana', 'Lux']","['Fiora', 'Wukong', 'Ziggs', ""Kai'Sa"", 'Pyke']"
Jayce,Unknown_rune,"['Sion', 'Shyvana', 'Jayce', 'Kalista', 'Caitlyn']","['Gragas', 'Kayn', 'Heimerdinger', 'Jhin', 'Varus']"
Jayce,Unknown_rune,"['Jayce', 'Lee Sin', 'Viktor', ""Kai'Sa"", 'Twitch']","['Zac', 'Ekko', 'Irelia', 'Caitlyn', 'Soraka']"
Nidalee,Dark_Harvest,"['Irelia', 'Nidalee', 'Ahri', ""Kai'Sa"", 'Lux']","['Jayce', 'Diana', 'Syndra', 'Ezreal', 'Ashe']"
Kayn,Conqueror,"['Olaf', 'Kayn', 'Graves', ""Kai'Sa"", 'Ashe']","['Rengar', 'Zed', 'LeBlanc', 'Kalista', 'Blitzcrank']"
Kassadin,Unknown_rune,"['Renekton', 'Elise', 'Kassadin', 'Caitlyn', 'Lux']","['Poppy', 'Gragas', 'Tristana', 'Lucian', 'Nami']"
Kayn,First_Strike,"['Gangplank', 'Kayn', 'Udyr', 'Sivir', 'Lux']","['Jax', 'Diana', 'Lissandra', 'Kalista', 'Thresh']"
Kayn,First_Strike,"['Camille', 'Kayn', 'Karma', 'Varus', 'Ashe']","['Jayce', 'Evelynn', 'Orianna', ""Kai'Sa"", 'Pyke']"
Kayn,Conqueror,"['Fiora', 'Kayn', 'Viktor', 'Varus', 'Karma']","['Illaoi', ""Bel'Veth"", 'Syndra', ""Kai'Sa"", 'Blitzcrank']"
Kai'Sa,Dark_Harvest,"[""Kai'Sa"", 'Nasus', 'Samira', 'Graves', 'Talon']","['Malphite', 'Veigar', 'Lillia', 'Brand', 'Vladimir']"
Kayn,Conqueror,"['Mordekaiser', 'Kayn', 'Malphite', 'Tristana', 'Thresh']","['Irelia', 'Ekko', 'Veigar', 'Lucian', 'Yuumi']"
Kayn,Conqueror,"['Darius', 'Kayn', 'Irelia', 'Ezreal', 'Soraka']","['Rumble', 'Rammus', 'Mordekaiser', 'Jinx', 'Lulu']"
Gragas,Dark_Harvest,"['Quinn', 'Gragas', 'Akali', 'Ezreal', 'Soraka']","['Nasus', 'Karthus', 'Zed', 'Vayne', 'Sylas']"
Seraphine,Unknown_rune,"['Vladimir', 'Vi', 'Qiyana', 'Seraphine', 'Soraka']","['Gangplank', 'Aurelion Sol', 'Yasuo', ""Kai'Sa"", ""Kog'Maw""]"
Kayn,Conqueror,"['Vladimir', 'Kayn', 'Irelia', 'Samira', 'Janna']","['Sett', ""Rek'Sai"", 'Yone', 'Vayne', 'Ashe']"
Varus,Unknown_rune,"['Irelia', 'Lee Sin', 'Katarina', 'Varus', 'Soraka']","['Gangplank', 'Viego', 'Aurelion Sol', 'Ezreal', 'Xerath']"
Ziggs,Unknown_rune,"['Jax', ""Kha'Zix"", 'Ziggs', 'Tristana', 'Ashe']","['Gnar', 'Wukong', 'Ekko', 'Caitlyn', 'Alistar']"
Kayn,First_Strike,"['Sion', 'Kayn', 'Zed', 'Syndra', 'Sona']","['Gangplank', 'Jarvan IV', 'Anivia', 'Draven', 'Orianna']"
Kayn,First_Strike,"['Jax', 'Kayn', 'Taliyah', 'Zeri', 'Brand']","['Sett', 'Ekko', 'Aurelion Sol', 'Aphelios', 'Janna']"
Kayn,First_Strike,"['Mordekaiser', 'Kayn', 'Qiyana', 'Varus', 'Annie']","[""K'Sante"", 'Nunu & Willump', 'LeBlanc', 'Twitch', 'Pyke']"
Kayn,First_Strike,"['Jayce', 'Kayn', 'Kassadin', 'Draven', 'Ashe']","['Poppy', 'Kindred', 'Miss Fortune', 'Ezreal', 'Neeko']"
Diana,Conqueror,"['Malphite', 'Diana', 'Qiyana', 'Yasuo', 'Thresh']","['Yone', 'Rengar', 'Sylas', 'Ezreal', 'Brand']"
Kayn,First_Strike,"['Vladimir', 'Kayn', 'Morgana', 'Tristana', 'Lux']","['Gragas', 'Zed', 'Neeko', 'Twitch', 'Nami']"
Lillia,Conqueror,"['Sion', 'Lillia', 'Zed', 'Ashe', 'Zyra']","['Garen', 'Lee Sin', 'Lissandra', 'Xayah', 'Sona']"
Kayn,First_Strike,"['Sett', 'Kayn', 'Ahri', 'Zeri', 'Blitzcrank']","['Kayle', 'Wukong', 'Anivia', ""Kai'Sa"", 'Senna']"
Ziggs,Unknown_rune,"['Ashe', 'Teemo', 'Ziggs', 'Xayah', 'Fiddlesticks']","['Karthus', 'Kindred', 'Ahri', 'Caitlyn', 'Karma']"
Kayn,Conqueror,"['Gangplank', 'Kayn', 'Kassadin', 'Ezreal', 'Twitch']","['Akali', 'Hecarim', 'Gwen', 'Jhin', 'Ashe']"
Kayn,First_Strike,"['Riven', 'Kayn', 'Rumble', ""Kai'Sa"", 'Thresh']","['Sion', 'Rengar', 'Viktor', 'Aphelios', 'Morgana']"
Kayn,Conqueror,"['Gangplank', 'Kayn', 'Annie', ""Kai'Sa"", 'Thresh']","['Ornn', 'Vi', 'Yone', 'Xayah', 'Rakan']"
Kayn,Conqueror,"['Zed', 'Kayn', 'Akali', 'Varus', 'Morgana']","['Gangplank', 'Evelynn', 'Qiyana', 'Xayah', 'Rakan']"
Kayn,First_Strike,"['Mordekaiser', 'Kayn', 'Irelia', 'Xayah', 'Rakan']","['Singed', 'Lillia', 'Zed', 'Jhin', 'Thresh']"
Kayn,Conqueror,"['Aatrox', 'Kayn', 'Karma', 'Xayah', 'Zilean']","['Kled', 'Master Yi', 'Zed', 'Ziggs', 'Sona']"
Sivir,Unknown_rune,"['Viktor', 'Fiddlesticks', 'Sivir', 'Yuumi', 'Jayce']","['Akali', 'Twitch', 'Varus', ""Bel'Veth"", 'Anivia']"
Aatrox,Conqueror,"['Brand', ""Kog'Maw"", 'Twitch', 'Aatrox', 'Yasuo']","['Maokai', 'Ahri', 'Nami', 'Lucian', 'Amumu']"
Kayn,First_Strike,"['Yone', 'Kayn', 'Fizz', 'Jhin', 'Nami']","['Malphite', 'Ivern', 'Zeri', 'Jinx', 'Thresh']"
Singed,Conqueror,"['Kindred', ""Bel'Veth"", 'Nidalee', 'Singed', 'Ryze']","['Zeri', 'Ezreal', 'Alistar', 'Twisted Fate', 'Lissandra']"
Tristana,Unknown_rune,"['Malzahar', 'Veigar', 'Malphite', 'Tristana', 'Miss Fortune']","['Syndra', ""Kog'Maw"", 'Jinx', 'Sylas', 'Orianna']"
Kayn,Conqueror,"['Gangplank', 'Kayn', 'Varus', 'Xayah', 'Rakan']","['Illaoi', 'Wukong', 'Aurelion Sol', 'Sivir', 'Nautilus']"
Kayn,First_Strike,"['Wukong', 'Kayn', 'Akali', 'Ezreal', 'Thresh']","[""Cho'Gath"", 'Lee Sin', 'Zed', 'Varus', 'Morgana']"
Kayn,First_Strike,"['Garen', 'Kayn', 'Ziggs', 'Twitch', 'Thresh']","['Jayce', 'Vi', 'Ryze', 'Veigar', 'Janna']"
Kayn,Conqueror,"['Jax', 'Kayn', 'Aurelion Sol', 'Tristana', 'Karma']","['Camille', 'Rengar', 'Diana', 'Lucian', 'Nami']"
Kayn,Conqueror,"['Fiora', 'Kayn', 'Taliyah', 'Draven', 'Amumu']","['Jayce', 'Skarner', 'Swain', 'Samira', 'Pyke']"
Kayn,First_Strike,"['Poppy', 'Kayn', 'Diana', 'Xayah', 'Rakan']","['Olaf', ""Kha'Zix"", 'Varus', ""Kai'Sa"", 'Pyke']"
Kayn,First_Strike,"['Jarvan IV', 'Kayn', 'Neeko', 'Caitlyn', 'Karma']","['Cassiopeia', 'Nidalee', 'Yone', ""Kai'Sa"", 'Nautilus']"
Kayn,Conqueror,"['Yorick', 'Kayn', 'Aurelion Sol', 'Ezreal', 'Karma']","['Olaf', 'Maokai', 'Garen', 'Zeri', 'Thresh']"
Graves,Unknown_rune,"['Jax', 'Graves', 'Twisted Fate', 'Aphelios', 'Thresh']","['Garen', 'Kayn', 'Diana', 'Sivir', 'Zilean']"
Kayn,First_Strike,"['Singed', 'Kayn', 'Xerath', 'Kalista', 'Rakan']","['Gangplank', ""Bel'Veth"", 'Kassadin', 'Jinx', 'Soraka']"
Ziggs,Unknown_rune,"['Fiora', 'Sejuani', 'Ziggs', 'Ezreal', 'Bard']","['Yone', 'Kayn', 'Nunu & Willump', 'Zeri', 'Janna']"
Aurelion Sol,First_Strike,"[""Cho'Gath"", 'Zed', 'Aurelion Sol', 'Ezreal', 'Senna']","['Gwen', 'Sejuani', 'Gangplank', 'Kalista', 'Pyke']"
Kayn,Conqueror,"['Olaf', 'Kayn', 'Akali', 'Xayah', 'Karma']","['Gragas', 'Jarvan IV', 'Ahri', 'Samira', 'Thresh']"
Kayn,First_Strike,"['Shen', 'Kayn', 'Fizz', 'Xayah', 'Nami']","['Tryndamere', 'Ekko', 'Azir', 'Draven', 'Nautilus']"
Kayn,Conqueror,"['Akshan', 'Kayn', 'Zoe', 'Xayah', 'Rakan']","['Yone', 'Zac', 'Jayce', 'Karthus', 'Jarvan IV']"
Ziggs,Unknown_rune,"['Yone', ""Kha'Zix"", 'Ziggs', 'Xayah', 'Rakan']","['Gangplank', 'Elise', 'Lux', 'Ezreal', 'Janna']"
Ziggs,Unknown_rune,"['Jax', 'Lee Sin', 'Ziggs', 'Jhin', 'Alistar']","['Gragas', 'Kindred', 'Ahri', 'Caitlyn', 'Ashe']"
Viktor,First_Strike,"['Shen', 'Jarvan IV', 'Viktor', 'Tristana', 'Ashe']","['Yone', 'Udyr', 'Pantheon', 'Samira', 'Nautilus']"
Ziggs,Unknown_rune,"['Olaf', 'Graves', 'Ziggs', 'Samira', 'Taric']","['Mordekaiser', 'Master Yi', 'Akshan', 'Twitch', 'Nautilus']"
Ziggs,Unknown_rune,"['Camille', 'Sejuani', 'Ziggs', 'Kalista', 'Jarvan IV']","['Olaf', 'Hecarim', 'Vladimir', 'Ezreal', 'Nautilus']"
Ashe,Unknown_rune,"['Garen', 'Rammus', ""Cho'Gath"", 'Ezreal', 'Ashe']","['Ornn', 'Ekko', 'Viktor', 'Caitlyn', 'Lux']"
Kayn,Conqueror,"['Jayce', 'Kayn', 'Cassiopeia', 'Twitch', 'Taric']","['Mordekaiser', 'Master Yi', 'Tristana', 'Zeri', 'Pyke']"
Kayn,First_Strike,"['Gnar', 'Kayn', 'Orianna', ""Kai'Sa"", 'Thresh']","['Sion', 'Fiddlesticks', 'Annie', 'Ezreal', 'Senna']"
Kayn,First_Strike,"['Gnar', 'Kayn', 'Aurelion Sol', 'Sivir', 'Lulu']","['Zac', 'Vi', 'Annie', 'Zeri', 'Sona']"
Kayn,Conqueror,"['Fiora', 'Kayn', 'Anivia', 'Sivir', 'Thresh']","['Yasuo', 'Lillia', 'Galio', 'Kalista', 'Renata Glasc']"
Kayn,First_Strike,"['Yasuo', 'Kayn', 'Vladimir', 'Zeri', 'Soraka']","['Swain', 'Jarvan IV', 'Yone', 'Sivir', 'Karma']"
Kayn,Conqueror,"['Renekton', 'Kayn', 'Annie', 'Caitlyn', 'Rell']","['Riven', 'Vi', 'Viktor', ""Kai'Sa"", 'Nautilus']"
Kayn,Conqueror,"['Garen', 'Kayn', 'Katarina', 'Xayah', 'Rakan']","['Wukong', 'Viego', 'Sylas', 'Jinx', 'Lulu']"
Viego,Conqueror,"['Darius', 'Viego', 'Aurelion Sol', 'Ezreal', 'Karma']","['Gangplank', 'Gragas', 'Jayce', 'Samira', 'Annie']"
Kayn,First_Strike,"['Nasus', 'Kayn', 'Ryze', 'Ezreal', 'Thresh']","['Malphite', 'Master Yi', 'Taliyah', 'Tristana', 'Nidalee']"
Kayn,Conqueror,"['Ornn', 'Kayn', 'Veigar', 'Ashe', 'Sona']","['Aatrox', 'Graves', 'Sylas', ""Kai'Sa"", 'Lux']"
Kayn,First_Strike,"['Gwen', 'Kayn', 'Karma', 'Lucian', 'Nami']","['Renekton', 'Graves', 'Sylas', 'Twitch', 'Pyke']"
Kayn,First_Strike,"[""K'Sante"", 'Kayn', 'Ahri', 'Xayah', 'Thresh']","['Riven', 'Sion', 'Annie', 'Aphelios', 'Zilean']"
Kayn,Conqueror,"['Renekton', 'Kayn', 'Ahri', 'Xayah', 'Annie']","['Riven', 'Viego', 'Rumble', 'Ezreal', 'Nautilus']"
Kayn,First_Strike,"['Malphite', 'Kayn', 'Akali', 'Xayah', 'Rakan']","['Jax', 'Diana', 'Riven', 'Ezreal', 'Twitch']"
Ashe,Unknown_rune,"['Ornn', 'Shaco', 'Sylas', 'Varus', 'Ashe']","['Urgot', 'Vi', 'Ryze', ""Kai'Sa"", 'Thresh']"
Lulu,Unknown_rune,"['Jayce', 'Kayn', 'Lux', 'Twitch', 'Lulu']","['Jax', 'Fiddlesticks', 'Viktor', 'Xayah', 'Rakan']"
Qiyana,First_Strike,"['Gangplank', 'Diana', 'Qiyana', 'Nilah', 'Jhin']","['Olaf', 'Rengar', 'Ahri', ""Kai'Sa"", 'Ashe']"
Kayn,First_Strike,"['Gnar', 'Kayn', 'Vex', 'Ezreal', 'Annie']","['Urgot', 'Gragas', 'Jayce', 'Varus', 'Miss Fortune']"
